sss_year,state,filing_status,variable_name,type,calculation_method,income_min,income_max,value,notes,source,source_url,collected_by,date_collected
2026,IA,all,cdcc,credit,percent_of_expense,0,9999,0.75,NA,NA,NA,NA,NA
2026,IA,all,cdcc,credit,percent_of_expense,10000,19999,0.65,NA,NA,NA,NA,NA
2026,IA,all,cdcc,credit,percent_of_expense,20000,24999,0.55,NA,NA,NA,NA,NA
2026,IA,all,cdcc,credit,percent_of_expense,25000,34999,0.5,NA,NA,NA,NA,NA
2026,IA,all,cdcc,credit,percent_of_expense,35000,39999,0.4,NA,NA,NA,NA,NA
2026,IA,all,cdcc,credit,percent_of_expense,40000,89999,0.3,NA,NA,NA,NA,NA
2026,CT,single_adult,exemption_per_person,taxable_income_subtraction,per_person,0,30000,15000,NA,"Connecticut Department of Revenue Services. IP 2025(7):Income Tax Guide. Revised 2025. Accessed June 9, 2025. https://portal.ct.gov/-/media/drs/publications/pubsip/2025/ip-2025-7.pdf.",https://portal.ct.gov/-/media/drs/publications/pubsip/2025/ip-2025-7.pdf?rev=c402d250ea71458aa5c7772babdb6ec2&hash=B8B0372E46BF096A8D00B4227EC02CA0,Aku,06/24/2025
2026,CT,single_adult,exemption_per_person,taxable_income_subtraction,per_person,30000,31000,14000,NA,"Connecticut Department of Revenue Services. IP 2025(7):Income Tax Guide. Revised 2025. Accessed June 9, 2025. https://portal.ct.gov/-/media/drs/publications/pubsip/2025/ip-2025-7.pdf.",https://portal.ct.gov/-/media/drs/publications/pubsip/2025/ip-2025-7.pdf?rev=c402d250ea71458aa5c7772babdb6ec2&hash=B8B0372E46BF096A8D00B4227EC02CA0,Aku,06/24/2025
2026,CT,single_adult,exemption_per_person,taxable_income_subtraction,per_person,31000,32000,13000,NA,"Connecticut Department of Revenue Services. IP 2025(7):Income Tax Guide. Revised 2025. Accessed June 9, 2025. https://portal.ct.gov/-/media/drs/publications/pubsip/2025/ip-2025-7.pdf.",https://portal.ct.gov/-/media/drs/publications/pubsip/2025/ip-2025-7.pdf?rev=c402d250ea71458aa5c7772babdb6ec2&hash=B8B0372E46BF096A8D00B4227EC02CA0,Aku,06/24/2025
2026,CT,single_adult,exemption_per_person,taxable_income_subtraction,per_person,32000,33000,12000,NA,"Connecticut Department of Revenue Services. IP 2025(7):Income Tax Guide. Revised 2025. Accessed June 9, 2025. https://portal.ct.gov/-/media/drs/publications/pubsip/2025/ip-2025-7.pdf.",https://portal.ct.gov/-/media/drs/publications/pubsip/2025/ip-2025-7.pdf?rev=c402d250ea71458aa5c7772babdb6ec2&hash=B8B0372E46BF096A8D00B4227EC02CA0,Aku,06/24/2025
2026,CT,single_adult,exemption_per_person,taxable_income_subtraction,per_person,33000,34000,11000,NA,"Connecticut Department of Revenue Services. IP 2025(7):Income Tax Guide. Revised 2025. Accessed June 9, 2025. https://portal.ct.gov/-/media/drs/publications/pubsip/2025/ip-2025-7.pdf.",https://portal.ct.gov/-/media/drs/publications/pubsip/2025/ip-2025-7.pdf?rev=c402d250ea71458aa5c7772babdb6ec2&hash=B8B0372E46BF096A8D00B4227EC02CA1,Aku,06/24/2025
2026,CT,single_adult,exemption_per_person,taxable_income_subtraction,per_person,34000,35000,10000,NA,"Connecticut Department of Revenue Services. IP 2025(7):Income Tax Guide. Revised 2025. Accessed June 9, 2025. https://portal.ct.gov/-/media/drs/publications/pubsip/2025/ip-2025-7.pdf.",https://portal.ct.gov/-/media/drs/publications/pubsip/2025/ip-2025-7.pdf?rev=c402d250ea71458aa5c7772babdb6ec2&hash=B8B0372E46BF096A8D00B4227EC02CA2,Aku,06/24/2025
2026,CT,single_adult,exemption_per_person,taxable_income_subtraction,per_person,35000,36000,9000,NA,"Connecticut Department of Revenue Services. IP 2025(7):Income Tax Guide. Revised 2025. Accessed June 9, 2025. https://portal.ct.gov/-/media/drs/publications/pubsip/2025/ip-2025-7.pdf.",https://portal.ct.gov/-/media/drs/publications/pubsip/2025/ip-2025-7.pdf?rev=c402d250ea71458aa5c7772babdb6ec2&hash=B8B0372E46BF096A8D00B4227EC02CA3,Aku,06/24/2025
2026,CT,single_adult,exemption_per_person,taxable_income_subtraction,per_person,36000,37000,8000,NA,"Connecticut Department of Revenue Services. IP 2025(7):Income Tax Guide. Revised 2025. Accessed June 9, 2025. https://portal.ct.gov/-/media/drs/publications/pubsip/2025/ip-2025-7.pdf.",https://portal.ct.gov/-/media/drs/publications/pubsip/2025/ip-2025-7.pdf?rev=c402d250ea71458aa5c7772babdb6ec2&hash=B8B0372E46BF096A8D00B4227EC02CA4,Aku,06/24/2025
2026,CT,single_adult,exemption_per_person,taxable_income_subtraction,per_person,37000,38000,7000,NA,"Connecticut Department of Revenue Services. IP 2025(7):Income Tax Guide. Revised 2025. Accessed June 9, 2025. https://portal.ct.gov/-/media/drs/publications/pubsip/2025/ip-2025-7.pdf.",https://portal.ct.gov/-/media/drs/publications/pubsip/2025/ip-2025-7.pdf?rev=c402d250ea71458aa5c7772babdb6ec2&hash=B8B0372E46BF096A8D00B4227EC02CA5,Aku,06/24/2025
2026,CT,single_adult,exemption_per_person,taxable_income_subtraction,per_person,38000,39000,6000,NA,"Connecticut Department of Revenue Services. IP 2025(7):Income Tax Guide. Revised 2025. Accessed June 9, 2025. https://portal.ct.gov/-/media/drs/publications/pubsip/2025/ip-2025-7.pdf.",https://portal.ct.gov/-/media/drs/publications/pubsip/2025/ip-2025-7.pdf?rev=c402d250ea71458aa5c7772babdb6ec2&hash=B8B0372E46BF096A8D00B4227EC02CA6,Aku,06/24/2025
2026,CT,single_adult,exemption_per_person,taxable_income_subtraction,per_person,39000,40000,5000,NA,"Connecticut Department of Revenue Services. IP 2025(7):Income Tax Guide. Revised 2025. Accessed June 9, 2025. https://portal.ct.gov/-/media/drs/publications/pubsip/2025/ip-2025-7.pdf.",https://portal.ct.gov/-/media/drs/publications/pubsip/2025/ip-2025-7.pdf?rev=c402d250ea71458aa5c7772babdb6ec2&hash=B8B0372E46BF096A8D00B4227EC02CA7,Aku,06/24/2025
2026,CT,single_adult,exemption_per_person,taxable_income_subtraction,per_person,40000,41000,4000,NA,"Connecticut Department of Revenue Services. IP 2025(7):Income Tax Guide. Revised 2025. Accessed June 9, 2025. https://portal.ct.gov/-/media/drs/publications/pubsip/2025/ip-2025-7.pdf.",https://portal.ct.gov/-/media/drs/publications/pubsip/2025/ip-2025-7.pdf?rev=c402d250ea71458aa5c7772babdb6ec2&hash=B8B0372E46BF096A8D00B4227EC02CA8,Aku,06/24/2025
2026,CT,single_adult,exemption_per_person,taxable_income_subtraction,per_person,41000,42000,3000,NA,"Connecticut Department of Revenue Services. IP 2025(7):Income Tax Guide. Revised 2025. Accessed June 9, 2025. https://portal.ct.gov/-/media/drs/publications/pubsip/2025/ip-2025-7.pdf.",https://portal.ct.gov/-/media/drs/publications/pubsip/2025/ip-2025-7.pdf?rev=c402d250ea71458aa5c7772babdb6ec2&hash=B8B0372E46BF096A8D00B4227EC02CA9,Aku,06/24/2025
2026,CT,single_adult,exemption_per_person,taxable_income_subtraction,per_person,42000,43000,2000,NA,"Connecticut Department of Revenue Services. IP 2025(7):Income Tax Guide. Revised 2025. Accessed June 9, 2025. https://portal.ct.gov/-/media/drs/publications/pubsip/2025/ip-2025-7.pdf.",https://portal.ct.gov/-/media/drs/publications/pubsip/2025/ip-2025-7.pdf?rev=c402d250ea71458aa5c7772babdb6ec2&hash=B8B0372E46BF096A8D00B4227EC02CA10,Aku,06/24/2025
2026,CT,single_adult,exemption_per_person,taxable_income_subtraction,per_person,43000,44000,1000,NA,"Connecticut Department of Revenue Services. IP 2025(7):Income Tax Guide. Revised 2025. Accessed June 9, 2025. https://portal.ct.gov/-/media/drs/publications/pubsip/2025/ip-2025-7.pdf.",https://portal.ct.gov/-/media/drs/publications/pubsip/2025/ip-2025-7.pdf?rev=c402d250ea71458aa5c7772babdb6ec2&hash=B8B0372E46BF096A8D00B4227EC02CA11,Aku,06/24/2025
2026,CT,single_adult,exemption_per_person,taxable_income_subtraction,per_person,44000,Inf,0,NA,"Connecticut Department of Revenue Services. IP 2025(7):Income Tax Guide. Revised 2025. Accessed June 9, 2025. https://portal.ct.gov/-/media/drs/publications/pubsip/2025/ip-2025-7.pdf.",https://portal.ct.gov/-/media/drs/publications/pubsip/2025/ip-2025-7.pdf?rev=c402d250ea71458aa5c7772babdb6ec2&hash=B8B0372E46BF096A8D00B4227EC02CA12,Aku,06/24/2025
2026,CT,married,exemption_per_person,taxable_income_subtraction,per_person,0,48000,24000,NA,"Connecticut Department of Revenue Services. IP 2025(7):Income Tax Guide. Revised 2025. Accessed June 9, 2025. https://portal.ct.gov/-/media/drs/publications/pubsip/2025/ip-2025-7.pdf.",https://portal.ct.gov/-/media/drs/publications/pubsip/2025/ip-2025-7.pdf?rev=c402d250ea71458aa5c7772babdb6ec2&hash=B8B0372E46BF096A8D00B4227EC02CA13,Aku,06/24/2025
2026,CT,married,exemption_per_person,taxable_income_subtraction,per_person,48000,49000,23000,NA,"Connecticut Department of Revenue Services. IP 2025(7):Income Tax Guide. Revised 2025. Accessed June 9, 2025. https://portal.ct.gov/-/media/drs/publications/pubsip/2025/ip-2025-7.pdf.",https://portal.ct.gov/-/media/drs/publications/pubsip/2025/ip-2025-7.pdf?rev=c402d250ea71458aa5c7772babdb6ec2&hash=B8B0372E46BF096A8D00B4227EC02CA14,Aku,06/24/2025
2026,CT,married,exemption_per_person,taxable_income_subtraction,per_person,49000,50000,22000,NA,"Connecticut Department of Revenue Services. IP 2025(7):Income Tax Guide. Revised 2025. Accessed June 9, 2025. https://portal.ct.gov/-/media/drs/publications/pubsip/2025/ip-2025-7.pdf.",https://portal.ct.gov/-/media/drs/publications/pubsip/2025/ip-2025-7.pdf?rev=c402d250ea71458aa5c7772babdb6ec2&hash=B8B0372E46BF096A8D00B4227EC02CA15,Aku,06/24/2025
2026,CT,married,exemption_per_person,taxable_income_subtraction,per_person,50000,51000,21000,NA,"Connecticut Department of Revenue Services. IP 2025(7):Income Tax Guide. Revised 2025. Accessed June 9, 2025. https://portal.ct.gov/-/media/drs/publications/pubsip/2025/ip-2025-7.pdf.",https://portal.ct.gov/-/media/drs/publications/pubsip/2025/ip-2025-7.pdf?rev=c402d250ea71458aa5c7772babdb6ec2&hash=B8B0372E46BF096A8D00B4227EC02CA16,Aku,06/24/2025
2026,CT,married,exemption_per_person,taxable_income_subtraction,per_person,51000,52000,20000,NA,"Connecticut Department of Revenue Services. IP 2025(7):Income Tax Guide. Revised 2025. Accessed June 9, 2025. https://portal.ct.gov/-/media/drs/publications/pubsip/2025/ip-2025-7.pdf.",https://portal.ct.gov/-/media/drs/publications/pubsip/2025/ip-2025-7.pdf?rev=c402d250ea71458aa5c7772babdb6ec2&hash=B8B0372E46BF096A8D00B4227EC02CA17,Aku,06/24/2025
2026,CT,married,exemption_per_person,taxable_income_subtraction,per_person,52000,53000,19000,NA,"Connecticut Department of Revenue Services. IP 2025(7):Income Tax Guide. Revised 2025. Accessed June 9, 2025. https://portal.ct.gov/-/media/drs/publications/pubsip/2025/ip-2025-7.pdf.",https://portal.ct.gov/-/media/drs/publications/pubsip/2025/ip-2025-7.pdf?rev=c402d250ea71458aa5c7772babdb6ec2&hash=B8B0372E46BF096A8D00B4227EC02CA18,Aku,06/24/2025
2026,CT,married,exemption_per_person,taxable_income_subtraction,per_person,53000,54000,18000,NA,"Connecticut Department of Revenue Services. IP 2025(7):Income Tax Guide. Revised 2025. Accessed June 9, 2025. https://portal.ct.gov/-/media/drs/publications/pubsip/2025/ip-2025-7.pdf.",https://portal.ct.gov/-/media/drs/publications/pubsip/2025/ip-2025-7.pdf?rev=c402d250ea71458aa5c7772babdb6ec2&hash=B8B0372E46BF096A8D00B4227EC02CA19,Aku,06/24/2025
2026,CT,married,exemption_per_person,taxable_income_subtraction,per_person,54000,55000,17000,NA,"Connecticut Department of Revenue Services. IP 2025(7):Income Tax Guide. Revised 2025. Accessed June 9, 2025. https://portal.ct.gov/-/media/drs/publications/pubsip/2025/ip-2025-7.pdf.",https://portal.ct.gov/-/media/drs/publications/pubsip/2025/ip-2025-7.pdf?rev=c402d250ea71458aa5c7772babdb6ec2&hash=B8B0372E46BF096A8D00B4227EC02CA20,Aku,06/24/2025
2026,CT,married,exemption_per_person,taxable_income_subtraction,per_person,55000,56000,16000,NA,"Connecticut Department of Revenue Services. IP 2025(7):Income Tax Guide. Revised 2025. Accessed June 9, 2025. https://portal.ct.gov/-/media/drs/publications/pubsip/2025/ip-2025-7.pdf.",https://portal.ct.gov/-/media/drs/publications/pubsip/2025/ip-2025-7.pdf?rev=c402d250ea71458aa5c7772babdb6ec2&hash=B8B0372E46BF096A8D00B4227EC02CA21,Aku,06/24/2025
2026,CT,married,exemption_per_person,taxable_income_subtraction,per_person,56000,57000,15000,NA,"Connecticut Department of Revenue Services. IP 2025(7):Income Tax Guide. Revised 2025. Accessed June 9, 2025. https://portal.ct.gov/-/media/drs/publications/pubsip/2025/ip-2025-7.pdf.",https://portal.ct.gov/-/media/drs/publications/pubsip/2025/ip-2025-7.pdf?rev=c402d250ea71458aa5c7772babdb6ec2&hash=B8B0372E46BF096A8D00B4227EC02CA22,Aku,06/24/2025
2026,CT,married,exemption_per_person,taxable_income_subtraction,per_person,57000,58000,14000,NA,"Connecticut Department of Revenue Services. IP 2025(7):Income Tax Guide. Revised 2025. Accessed June 9, 2025. https://portal.ct.gov/-/media/drs/publications/pubsip/2025/ip-2025-7.pdf.",https://portal.ct.gov/-/media/drs/publications/pubsip/2025/ip-2025-7.pdf?rev=c402d250ea71458aa5c7772babdb6ec2&hash=B8B0372E46BF096A8D00B4227EC02CA23,Aku,06/24/2025
2026,CT,married,exemption_per_person,taxable_income_subtraction,per_person,58000,59000,13000,NA,"Connecticut Department of Revenue Services. IP 2025(7):Income Tax Guide. Revised 2025. Accessed June 9, 2025. https://portal.ct.gov/-/media/drs/publications/pubsip/2025/ip-2025-7.pdf.",https://portal.ct.gov/-/media/drs/publications/pubsip/2025/ip-2025-7.pdf?rev=c402d250ea71458aa5c7772babdb6ec2&hash=B8B0372E46BF096A8D00B4227EC02CA24,Aku,06/24/2025
2026,CT,married,exemption_per_person,taxable_income_subtraction,per_person,59000,60000,12000,NA,"Connecticut Department of Revenue Services. IP 2025(7):Income Tax Guide. Revised 2025. Accessed June 9, 2025. https://portal.ct.gov/-/media/drs/publications/pubsip/2025/ip-2025-7.pdf.",https://portal.ct.gov/-/media/drs/publications/pubsip/2025/ip-2025-7.pdf?rev=c402d250ea71458aa5c7772babdb6ec2&hash=B8B0372E46BF096A8D00B4227EC02CA25,Aku,06/24/2025
2026,CT,married,exemption_per_person,taxable_income_subtraction,per_person,60000,61000,11000,NA,"Connecticut Department of Revenue Services. IP 2025(7):Income Tax Guide. Revised 2025. Accessed June 9, 2025. https://portal.ct.gov/-/media/drs/publications/pubsip/2025/ip-2025-7.pdf.",https://portal.ct.gov/-/media/drs/publications/pubsip/2025/ip-2025-7.pdf?rev=c402d250ea71458aa5c7772babdb6ec2&hash=B8B0372E46BF096A8D00B4227EC02CA26,Aku,06/24/2025
2026,CT,married,exemption_per_person,taxable_income_subtraction,per_person,61000,62000,10000,NA,"Connecticut Department of Revenue Services. IP 2025(7):Income Tax Guide. Revised 2025. Accessed June 9, 2025. https://portal.ct.gov/-/media/drs/publications/pubsip/2025/ip-2025-7.pdf.",https://portal.ct.gov/-/media/drs/publications/pubsip/2025/ip-2025-7.pdf?rev=c402d250ea71458aa5c7772babdb6ec2&hash=B8B0372E46BF096A8D00B4227EC02CA27,Aku,06/24/2025
2026,CT,married,exemption_per_person,taxable_income_subtraction,per_person,62000,63000,9000,NA,"Connecticut Department of Revenue Services. IP 2025(7):Income Tax Guide. Revised 2025. Accessed June 9, 2025. https://portal.ct.gov/-/media/drs/publications/pubsip/2025/ip-2025-7.pdf.",https://portal.ct.gov/-/media/drs/publications/pubsip/2025/ip-2025-7.pdf?rev=c402d250ea71458aa5c7772babdb6ec2&hash=B8B0372E46BF096A8D00B4227EC02CA28,Aku,06/24/2025
2026,CT,married,exemption_per_person,taxable_income_subtraction,per_person,63000,64000,8000,NA,"Connecticut Department of Revenue Services. IP 2025(7):Income Tax Guide. Revised 2025. Accessed June 9, 2025. https://portal.ct.gov/-/media/drs/publications/pubsip/2025/ip-2025-7.pdf.",https://portal.ct.gov/-/media/drs/publications/pubsip/2025/ip-2025-7.pdf?rev=c402d250ea71458aa5c7772babdb6ec2&hash=B8B0372E46BF096A8D00B4227EC02CA29,Aku,06/24/2025
2026,CT,married,exemption_per_person,taxable_income_subtraction,per_person,64000,65000,7000,NA,"Connecticut Department of Revenue Services. IP 2025(7):Income Tax Guide. Revised 2025. Accessed June 9, 2025. https://portal.ct.gov/-/media/drs/publications/pubsip/2025/ip-2025-7.pdf.",https://portal.ct.gov/-/media/drs/publications/pubsip/2025/ip-2025-7.pdf?rev=c402d250ea71458aa5c7772babdb6ec2&hash=B8B0372E46BF096A8D00B4227EC02CA30,Aku,06/24/2025
2026,CT,married,exemption_per_person,taxable_income_subtraction,per_person,65000,66000,6000,NA,"Connecticut Department of Revenue Services. IP 2025(7):Income Tax Guide. Revised 2025. Accessed June 9, 2025. https://portal.ct.gov/-/media/drs/publications/pubsip/2025/ip-2025-7.pdf.",https://portal.ct.gov/-/media/drs/publications/pubsip/2025/ip-2025-7.pdf?rev=c402d250ea71458aa5c7772babdb6ec2&hash=B8B0372E46BF096A8D00B4227EC02CA31,Aku,06/24/2025
2026,CT,married,exemption_per_person,taxable_income_subtraction,per_person,66000,67000,5000,NA,"Connecticut Department of Revenue Services. IP 2025(7):Income Tax Guide. Revised 2025. Accessed June 9, 2025. https://portal.ct.gov/-/media/drs/publications/pubsip/2025/ip-2025-7.pdf.",https://portal.ct.gov/-/media/drs/publications/pubsip/2025/ip-2025-7.pdf?rev=c402d250ea71458aa5c7772babdb6ec2&hash=B8B0372E46BF096A8D00B4227EC02CA32,Aku,06/24/2025
2026,CT,married,exemption_per_person,taxable_income_subtraction,per_person,67000,68000,4000,NA,"Connecticut Department of Revenue Services. IP 2025(7):Income Tax Guide. Revised 2025. Accessed June 9, 2025. https://portal.ct.gov/-/media/drs/publications/pubsip/2025/ip-2025-7.pdf.",https://portal.ct.gov/-/media/drs/publications/pubsip/2025/ip-2025-7.pdf?rev=c402d250ea71458aa5c7772babdb6ec2&hash=B8B0372E46BF096A8D00B4227EC02CA33,Aku,06/24/2025
2026,CT,married,exemption_per_person,taxable_income_subtraction,per_person,68000,69000,3000,NA,"Connecticut Department of Revenue Services. IP 2025(7):Income Tax Guide. Revised 2025. Accessed June 9, 2025. https://portal.ct.gov/-/media/drs/publications/pubsip/2025/ip-2025-7.pdf.",https://portal.ct.gov/-/media/drs/publications/pubsip/2025/ip-2025-7.pdf?rev=c402d250ea71458aa5c7772babdb6ec2&hash=B8B0372E46BF096A8D00B4227EC02CA34,Aku,06/24/2025
2026,CT,married,exemption_per_person,taxable_income_subtraction,per_person,69000,70000,2000,NA,"Connecticut Department of Revenue Services. IP 2025(7):Income Tax Guide. Revised 2025. Accessed June 9, 2025. https://portal.ct.gov/-/media/drs/publications/pubsip/2025/ip-2025-7.pdf.",https://portal.ct.gov/-/media/drs/publications/pubsip/2025/ip-2025-7.pdf?rev=c402d250ea71458aa5c7772babdb6ec2&hash=B8B0372E46BF096A8D00B4227EC02CA35,Aku,06/24/2025
2026,CT,married,exemption_per_person,taxable_income_subtraction,per_person,70000,71000,1000,NA,"Connecticut Department of Revenue Services. IP 2025(7):Income Tax Guide. Revised 2025. Accessed June 9, 2025. https://portal.ct.gov/-/media/drs/publications/pubsip/2025/ip-2025-7.pdf.",https://portal.ct.gov/-/media/drs/publications/pubsip/2025/ip-2025-7.pdf?rev=c402d250ea71458aa5c7772babdb6ec2&hash=B8B0372E46BF096A8D00B4227EC02CA36,Aku,06/24/2025
2026,CT,married,exemption_per_person,taxable_income_subtraction,per_person,71000,Inf,0,NA,"Connecticut Department of Revenue Services. IP 2025(7):Income Tax Guide. Revised 2025. Accessed June 9, 2025. https://portal.ct.gov/-/media/drs/publications/pubsip/2025/ip-2025-7.pdf.",https://portal.ct.gov/-/media/drs/publications/pubsip/2025/ip-2025-7.pdf?rev=c402d250ea71458aa5c7772babdb6ec2&hash=B8B0372E46BF096A8D00B4227EC02CA37,Aku,06/24/2025
2026,CT,single_parent,exemption_per_person,taxable_income_subtraction,per_person,0,38000,19000,NA,"Connecticut Department of Revenue Services. IP 2025(7):Income Tax Guide. Revised 2025. Accessed June 9, 2025. https://portal.ct.gov/-/media/drs/publications/pubsip/2025/ip-2025-7.pdf.",https://portal.ct.gov/-/media/drs/publications/pubsip/2025/ip-2025-7.pdf?rev=c402d250ea71458aa5c7772babdb6ec2&hash=B8B0372E46BF096A8D00B4227EC02CA38,Aku,06/24/2025
2026,CT,single_parent,exemption_per_person,taxable_income_subtraction,per_person,38000,39000,18000,NA,"Connecticut Department of Revenue Services. IP 2025(7):Income Tax Guide. Revised 2025. Accessed June 9, 2025. https://portal.ct.gov/-/media/drs/publications/pubsip/2025/ip-2025-7.pdf.",https://portal.ct.gov/-/media/drs/publications/pubsip/2025/ip-2025-7.pdf?rev=c402d250ea71458aa5c7772babdb6ec2&hash=B8B0372E46BF096A8D00B4227EC02CA39,Aku,06/24/2025
2026,CT,single_parent,exemption_per_person,taxable_income_subtraction,per_person,39000,40000,17000,NA,"Connecticut Department of Revenue Services. IP 2025(7):Income Tax Guide. Revised 2025. Accessed June 9, 2025. https://portal.ct.gov/-/media/drs/publications/pubsip/2025/ip-2025-7.pdf.",https://portal.ct.gov/-/media/drs/publications/pubsip/2025/ip-2025-7.pdf?rev=c402d250ea71458aa5c7772babdb6ec2&hash=B8B0372E46BF096A8D00B4227EC02CA40,Aku,06/24/2025
2026,CT,single_parent,exemption_per_person,taxable_income_subtraction,per_person,40000,41000,16000,NA,"Connecticut Department of Revenue Services. IP 2025(7):Income Tax Guide. Revised 2025. Accessed June 9, 2025. https://portal.ct.gov/-/media/drs/publications/pubsip/2025/ip-2025-7.pdf.",https://portal.ct.gov/-/media/drs/publications/pubsip/2025/ip-2025-7.pdf?rev=c402d250ea71458aa5c7772babdb6ec2&hash=B8B0372E46BF096A8D00B4227EC02CA41,Aku,06/24/2025
2026,CT,single_parent,exemption_per_person,taxable_income_subtraction,per_person,41000,42000,15000,NA,"Connecticut Department of Revenue Services. IP 2025(7):Income Tax Guide. Revised 2025. Accessed June 9, 2025. https://portal.ct.gov/-/media/drs/publications/pubsip/2025/ip-2025-7.pdf.",https://portal.ct.gov/-/media/drs/publications/pubsip/2025/ip-2025-7.pdf?rev=c402d250ea71458aa5c7772babdb6ec2&hash=B8B0372E46BF096A8D00B4227EC02CA42,Aku,06/24/2025
2026,CT,single_parent,exemption_per_person,taxable_income_subtraction,per_person,42000,43000,14000,NA,"Connecticut Department of Revenue Services. IP 2025(7):Income Tax Guide. Revised 2025. Accessed June 9, 2025. https://portal.ct.gov/-/media/drs/publications/pubsip/2025/ip-2025-7.pdf.",https://portal.ct.gov/-/media/drs/publications/pubsip/2025/ip-2025-7.pdf?rev=c402d250ea71458aa5c7772babdb6ec2&hash=B8B0372E46BF096A8D00B4227EC02CA43,Aku,06/24/2025
2026,CT,single_parent,exemption_per_person,taxable_income_subtraction,per_person,43000,44000,13000,NA,"Connecticut Department of Revenue Services. IP 2025(7):Income Tax Guide. Revised 2025. Accessed June 9, 2025. https://portal.ct.gov/-/media/drs/publications/pubsip/2025/ip-2025-7.pdf.",https://portal.ct.gov/-/media/drs/publications/pubsip/2025/ip-2025-7.pdf?rev=c402d250ea71458aa5c7772babdb6ec2&hash=B8B0372E46BF096A8D00B4227EC02CA44,Aku,06/24/2025
2026,CT,single_parent,exemption_per_person,taxable_income_subtraction,per_person,44000,45000,12000,NA,"Connecticut Department of Revenue Services. IP 2025(7):Income Tax Guide. Revised 2025. Accessed June 9, 2025. https://portal.ct.gov/-/media/drs/publications/pubsip/2025/ip-2025-7.pdf.",https://portal.ct.gov/-/media/drs/publications/pubsip/2025/ip-2025-7.pdf?rev=c402d250ea71458aa5c7772babdb6ec2&hash=B8B0372E46BF096A8D00B4227EC02CA45,Aku,06/24/2025
2026,CT,single_parent,exemption_per_person,taxable_income_subtraction,per_person,45000,46000,11000,NA,"Connecticut Department of Revenue Services. IP 2025(7):Income Tax Guide. Revised 2025. Accessed June 9, 2025. https://portal.ct.gov/-/media/drs/publications/pubsip/2025/ip-2025-7.pdf.",https://portal.ct.gov/-/media/drs/publications/pubsip/2025/ip-2025-7.pdf?rev=c402d250ea71458aa5c7772babdb6ec2&hash=B8B0372E46BF096A8D00B4227EC02CA46,Aku,06/24/2025
2026,CT,single_parent,exemption_per_person,taxable_income_subtraction,per_person,46000,47000,10000,NA,"Connecticut Department of Revenue Services. IP 2025(7):Income Tax Guide. Revised 2025. Accessed June 9, 2025. https://portal.ct.gov/-/media/drs/publications/pubsip/2025/ip-2025-7.pdf.",https://portal.ct.gov/-/media/drs/publications/pubsip/2025/ip-2025-7.pdf?rev=c402d250ea71458aa5c7772babdb6ec2&hash=B8B0372E46BF096A8D00B4227EC02CA47,Aku,06/24/2025
2026,CT,single_parent,exemption_per_person,taxable_income_subtraction,per_person,47000,48000,9000,NA,"Connecticut Department of Revenue Services. IP 2025(7):Income Tax Guide. Revised 2025. Accessed June 9, 2025. https://portal.ct.gov/-/media/drs/publications/pubsip/2025/ip-2025-7.pdf.",https://portal.ct.gov/-/media/drs/publications/pubsip/2025/ip-2025-7.pdf?rev=c402d250ea71458aa5c7772babdb6ec2&hash=B8B0372E46BF096A8D00B4227EC02CA48,Aku,06/24/2025
2026,CT,single_parent,exemption_per_person,taxable_income_subtraction,per_person,48000,49000,8000,NA,"Connecticut Department of Revenue Services. IP 2025(7):Income Tax Guide. Revised 2025. Accessed June 9, 2025. https://portal.ct.gov/-/media/drs/publications/pubsip/2025/ip-2025-7.pdf.",https://portal.ct.gov/-/media/drs/publications/pubsip/2025/ip-2025-7.pdf?rev=c402d250ea71458aa5c7772babdb6ec2&hash=B8B0372E46BF096A8D00B4227EC02CA49,Aku,06/24/2025
2026,CT,single_parent,exemption_per_person,taxable_income_subtraction,per_person,49000,50000,7000,NA,"Connecticut Department of Revenue Services. IP 2025(7):Income Tax Guide. Revised 2025. Accessed June 9, 2025. https://portal.ct.gov/-/media/drs/publications/pubsip/2025/ip-2025-7.pdf.",https://portal.ct.gov/-/media/drs/publications/pubsip/2025/ip-2025-7.pdf?rev=c402d250ea71458aa5c7772babdb6ec2&hash=B8B0372E46BF096A8D00B4227EC02CA50,Aku,06/24/2025
2026,CT,single_parent,exemption_per_person,taxable_income_subtraction,per_person,50000,51000,6000,NA,"Connecticut Department of Revenue Services. IP 2025(7):Income Tax Guide. Revised 2025. Accessed June 9, 2025. https://portal.ct.gov/-/media/drs/publications/pubsip/2025/ip-2025-7.pdf.",https://portal.ct.gov/-/media/drs/publications/pubsip/2025/ip-2025-7.pdf?rev=c402d250ea71458aa5c7772babdb6ec2&hash=B8B0372E46BF096A8D00B4227EC02CA51,Aku,06/24/2025
2026,CT,single_parent,exemption_per_person,taxable_income_subtraction,per_person,51000,52000,5000,NA,"Connecticut Department of Revenue Services. IP 2025(7):Income Tax Guide. Revised 2025. Accessed June 9, 2025. https://portal.ct.gov/-/media/drs/publications/pubsip/2025/ip-2025-7.pdf.",https://portal.ct.gov/-/media/drs/publications/pubsip/2025/ip-2025-7.pdf?rev=c402d250ea71458aa5c7772babdb6ec2&hash=B8B0372E46BF096A8D00B4227EC02CA52,Aku,06/24/2025
2026,CT,single_parent,exemption_per_person,taxable_income_subtraction,per_person,52000,53000,4000,NA,"Connecticut Department of Revenue Services. IP 2025(7):Income Tax Guide. Revised 2025. Accessed June 9, 2025. https://portal.ct.gov/-/media/drs/publications/pubsip/2025/ip-2025-7.pdf.",https://portal.ct.gov/-/media/drs/publications/pubsip/2025/ip-2025-7.pdf?rev=c402d250ea71458aa5c7772babdb6ec2&hash=B8B0372E46BF096A8D00B4227EC02CA53,Aku,06/24/2025
2026,CT,single_parent,exemption_per_person,taxable_income_subtraction,per_person,53000,54000,3000,NA,"Connecticut Department of Revenue Services. IP 2025(7):Income Tax Guide. Revised 2025. Accessed June 9, 2025. https://portal.ct.gov/-/media/drs/publications/pubsip/2025/ip-2025-7.pdf.",https://portal.ct.gov/-/media/drs/publications/pubsip/2025/ip-2025-7.pdf?rev=c402d250ea71458aa5c7772babdb6ec2&hash=B8B0372E46BF096A8D00B4227EC02CA54,Aku,06/24/2025
2026,CT,single_parent,exemption_per_person,taxable_income_subtraction,per_person,54000,55000,2000,NA,"Connecticut Department of Revenue Services. IP 2025(7):Income Tax Guide. Revised 2025. Accessed June 9, 2025. https://portal.ct.gov/-/media/drs/publications/pubsip/2025/ip-2025-7.pdf.",https://portal.ct.gov/-/media/drs/publications/pubsip/2025/ip-2025-7.pdf?rev=c402d250ea71458aa5c7772babdb6ec2&hash=B8B0372E46BF096A8D00B4227EC02CA55,Aku,06/24/2025
2026,CT,single_parent,exemption_per_person,taxable_income_subtraction,per_person,55000,56000,1000,NA,"Connecticut Department of Revenue Services. IP 2025(7):Income Tax Guide. Revised 2025. Accessed June 9, 2025. https://portal.ct.gov/-/media/drs/publications/pubsip/2025/ip-2025-7.pdf.",https://portal.ct.gov/-/media/drs/publications/pubsip/2025/ip-2025-7.pdf?rev=c402d250ea71458aa5c7772babdb6ec2&hash=B8B0372E46BF096A8D00B4227EC02CA56,Aku,06/24/2025
2026,CT,single_parent,exemption_per_person,taxable_income_subtraction,per_person,56000,Inf,0,NA,"Connecticut Department of Revenue Services. IP 2025(7):Income Tax Guide. Revised 2025. Accessed June 9, 2025. https://portal.ct.gov/-/media/drs/publications/pubsip/2025/ip-2025-7.pdf.",https://portal.ct.gov/-/media/drs/publications/pubsip/2025/ip-2025-7.pdf?rev=c402d250ea71458aa5c7772babdb6ec2&hash=B8B0372E46BF096A8D00B4227EC02CA57,Aku,06/24/2025
2026,AL,married,standard_deduction,taxable_income_subtraction,flat,0,25999,8500,NA,"Alabama Department of Revenue. Standard Deduction/Optional Standard Deduction Tables and Dependent Exemption Table for the 2023 Tax Year. Published January 2024. Accessed June 9, 2025. https://www.revenue.alabama.gov/wp-content/uploads/2024/01/23stddeduction40.pdf.",https://www.revenue.alabama.gov/wp-content/uploads/2024/01/23stddeduction40.pdf.,Aku,06/24/2025
2026,AL,married,standard_deduction,taxable_income_subtraction,flat,26000,26499,8325,NA,"Alabama Department of Revenue. Standard Deduction/Optional Standard Deduction Tables and Dependent Exemption Table for the 2023 Tax Year. Published January 2024. Accessed June 9, 2025. https://www.revenue.alabama.gov/wp-content/uploads/2024/01/23stddeduction40.pdf.",https://www.revenue.alabama.gov/wp-content/uploads/2024/01/23stddeduction40.pdf.,Aku,06/24/2025
2026,AL,married,standard_deduction,taxable_income_subtraction,flat,25500,26999,8150,NA,"Alabama Department of Revenue. Standard Deduction/Optional Standard Deduction Tables and Dependent Exemption Table for the 2023 Tax Year. Published January 2024. Accessed June 9, 2025. https://www.revenue.alabama.gov/wp-content/uploads/2024/01/23stddeduction40.pdf.",https://www.revenue.alabama.gov/wp-content/uploads/2024/01/23stddeduction40.pdf.,Aku,06/24/2025
2026,AL,married,standard_deduction,taxable_income_subtraction,flat,27000,27499,7975,NA,"Alabama Department of Revenue. Standard Deduction/Optional Standard Deduction Tables and Dependent Exemption Table for the 2023 Tax Year. Published January 2024. Accessed June 9, 2025. https://www.revenue.alabama.gov/wp-content/uploads/2024/01/23stddeduction40.pdf.",https://www.revenue.alabama.gov/wp-content/uploads/2024/01/23stddeduction40.pdf.,Aku,06/24/2025
2026,AL,married,standard_deduction,taxable_income_subtraction,flat,27500,27999,7800,NA,"Alabama Department of Revenue. Standard Deduction/Optional Standard Deduction Tables and Dependent Exemption Table for the 2023 Tax Year. Published January 2024. Accessed June 9, 2025. https://www.revenue.alabama.gov/wp-content/uploads/2024/01/23stddeduction40.pdf.",https://www.revenue.alabama.gov/wp-content/uploads/2024/01/23stddeduction40.pdf.,Aku,06/24/2025
2026,AL,married,standard_deduction,taxable_income_subtraction,flat,28000,28499,7625,NA,"Alabama Department of Revenue. Standard Deduction/Optional Standard Deduction Tables and Dependent Exemption Table for the 2023 Tax Year. Published January 2024. Accessed June 9, 2025. https://www.revenue.alabama.gov/wp-content/uploads/2024/01/23stddeduction40.pdf.",https://www.revenue.alabama.gov/wp-content/uploads/2024/01/23stddeduction40.pdf.,Aku,06/24/2025
2026,AL,married,standard_deduction,taxable_income_subtraction,flat,28500,28999,7450,NA,"Alabama Department of Revenue. Standard Deduction/Optional Standard Deduction Tables and Dependent Exemption Table for the 2023 Tax Year. Published January 2024. Accessed June 9, 2025. https://www.revenue.alabama.gov/wp-content/uploads/2024/01/23stddeduction40.pdf.",https://www.revenue.alabama.gov/wp-content/uploads/2024/01/23stddeduction40.pdf.,Aku,06/24/2025
2026,AL,married,standard_deduction,taxable_income_subtraction,flat,29000,29499,7275,NA,"Alabama Department of Revenue. Standard Deduction/Optional Standard Deduction Tables and Dependent Exemption Table for the 2023 Tax Year. Published January 2024. Accessed June 9, 2025. https://www.revenue.alabama.gov/wp-content/uploads/2024/01/23stddeduction40.pdf.",https://www.revenue.alabama.gov/wp-content/uploads/2024/01/23stddeduction40.pdf.,Aku,06/24/2025
2026,AL,married,standard_deduction,taxable_income_subtraction,flat,29500,29999,7100,NA,"Alabama Department of Revenue. Standard Deduction/Optional Standard Deduction Tables and Dependent Exemption Table for the 2023 Tax Year. Published January 2024. Accessed June 9, 2025. https://www.revenue.alabama.gov/wp-content/uploads/2024/01/23stddeduction40.pdf.",https://www.revenue.alabama.gov/wp-content/uploads/2024/01/23stddeduction40.pdf.,Aku,06/24/2025
2026,AL,married,standard_deduction,taxable_income_subtraction,flat,30000,30499,6925,NA,"Alabama Department of Revenue. Standard Deduction/Optional Standard Deduction Tables and Dependent Exemption Table for the 2023 Tax Year. Published January 2024. Accessed June 9, 2025. https://www.revenue.alabama.gov/wp-content/uploads/2024/01/23stddeduction40.pdf.",https://www.revenue.alabama.gov/wp-content/uploads/2024/01/23stddeduction40.pdf.,Aku,06/24/2025
2026,AL,married,standard_deduction,taxable_income_subtraction,flat,30500,30999,6750,NA,"Alabama Department of Revenue. Standard Deduction/Optional Standard Deduction Tables and Dependent Exemption Table for the 2023 Tax Year. Published January 2024. Accessed June 9, 2025. https://www.revenue.alabama.gov/wp-content/uploads/2024/01/23stddeduction40.pdf.",https://www.revenue.alabama.gov/wp-content/uploads/2024/01/23stddeduction40.pdf.,Aku,06/24/2025
2026,AL,married,standard_deduction,taxable_income_subtraction,flat,31000,31499,6575,NA,"Alabama Department of Revenue. Standard Deduction/Optional Standard Deduction Tables and Dependent Exemption Table for the 2023 Tax Year. Published January 2024. Accessed June 9, 2025. https://www.revenue.alabama.gov/wp-content/uploads/2024/01/23stddeduction40.pdf.",https://www.revenue.alabama.gov/wp-content/uploads/2024/01/23stddeduction40.pdf.,Aku,06/24/2025
2026,AL,married,standard_deduction,taxable_income_subtraction,flat,31500,31999,6400,NA,"Alabama Department of Revenue. Standard Deduction/Optional Standard Deduction Tables and Dependent Exemption Table for the 2023 Tax Year. Published January 2024. Accessed June 9, 2025. https://www.revenue.alabama.gov/wp-content/uploads/2024/01/23stddeduction40.pdf.",https://www.revenue.alabama.gov/wp-content/uploads/2024/01/23stddeduction40.pdf.,Aku,06/24/2025
2026,AL,married,standard_deduction,taxable_income_subtraction,flat,32000,32499,6225,NA,"Alabama Department of Revenue. Standard Deduction/Optional Standard Deduction Tables and Dependent Exemption Table for the 2023 Tax Year. Published January 2024. Accessed June 9, 2025. https://www.revenue.alabama.gov/wp-content/uploads/2024/01/23stddeduction40.pdf.",https://www.revenue.alabama.gov/wp-content/uploads/2024/01/23stddeduction40.pdf.,Aku,06/24/2025
2026,AL,married,standard_deduction,taxable_income_subtraction,flat,32500,32999,6050,NA,"Alabama Department of Revenue. Standard Deduction/Optional Standard Deduction Tables and Dependent Exemption Table for the 2023 Tax Year. Published January 2024. Accessed June 9, 2025. https://www.revenue.alabama.gov/wp-content/uploads/2024/01/23stddeduction40.pdf.",https://www.revenue.alabama.gov/wp-content/uploads/2024/01/23stddeduction40.pdf.,Aku,06/24/2025
2026,AL,married,standard_deduction,taxable_income_subtraction,flat,33000,33499,5875,NA,"Alabama Department of Revenue. Standard Deduction/Optional Standard Deduction Tables and Dependent Exemption Table for the 2023 Tax Year. Published January 2024. Accessed June 9, 2025. https://www.revenue.alabama.gov/wp-content/uploads/2024/01/23stddeduction40.pdf.",https://www.revenue.alabama.gov/wp-content/uploads/2024/01/23stddeduction40.pdf.,Aku,06/24/2025
2026,AL,married,standard_deduction,taxable_income_subtraction,flat,33500,33999,5700,NA,"Alabama Department of Revenue. Standard Deduction/Optional Standard Deduction Tables and Dependent Exemption Table for the 2023 Tax Year. Published January 2024. Accessed June 9, 2025. https://www.revenue.alabama.gov/wp-content/uploads/2024/01/23stddeduction40.pdf.",https://www.revenue.alabama.gov/wp-content/uploads/2024/01/23stddeduction40.pdf.,Aku,06/24/2025
2026,AL,married,standard_deduction,taxable_income_subtraction,flat,34000,34499,5525,NA,"Alabama Department of Revenue. Standard Deduction/Optional Standard Deduction Tables and Dependent Exemption Table for the 2023 Tax Year. Published January 2024. Accessed June 9, 2025. https://www.revenue.alabama.gov/wp-content/uploads/2024/01/23stddeduction40.pdf.",https://www.revenue.alabama.gov/wp-content/uploads/2024/01/23stddeduction40.pdf.,Aku,06/24/2025
2026,AL,married,standard_deduction,taxable_income_subtraction,flat,34500,34999,5350,NA,"Alabama Department of Revenue. Standard Deduction/Optional Standard Deduction Tables and Dependent Exemption Table for the 2023 Tax Year. Published January 2024. Accessed June 9, 2025. https://www.revenue.alabama.gov/wp-content/uploads/2024/01/23stddeduction40.pdf.",https://www.revenue.alabama.gov/wp-content/uploads/2024/01/23stddeduction40.pdf.,Aku,06/24/2025
2026,AL,married,standard_deduction,taxable_income_subtraction,flat,35000,35499,5175,NA,"Alabama Department of Revenue. Standard Deduction/Optional Standard Deduction Tables and Dependent Exemption Table for the 2023 Tax Year. Published January 2024. Accessed June 9, 2025. https://www.revenue.alabama.gov/wp-content/uploads/2024/01/23stddeduction40.pdf.",https://www.revenue.alabama.gov/wp-content/uploads/2024/01/23stddeduction40.pdf.,Aku,06/24/2025
2026,AL,married,standard_deduction,taxable_income_subtraction,flat,35500,Inf,5000,NA,"Alabama Department of Revenue. Standard Deduction/Optional Standard Deduction Tables and Dependent Exemption Table for the 2023 Tax Year. Published January 2024. Accessed June 9, 2025. https://www.revenue.alabama.gov/wp-content/uploads/2024/01/23stddeduction40.pdf.",https://www.revenue.alabama.gov/wp-content/uploads/2024/01/23stddeduction40.pdf.,Aku,06/24/2025
2026,AL,single_parent,standard_deduction,taxable_income_subtraction,flat,0,25999,5200,NA,"Alabama Department of Revenue. Standard Deduction/Optional Standard Deduction Tables and Dependent Exemption Table for the 2023 Tax Year. Published January 2024. Accessed June 9, 2025. https://www.revenue.alabama.gov/wp-content/uploads/2024/01/23stddeduction40.pdf.",https://www.revenue.alabama.gov/wp-content/uploads/2024/01/23stddeduction40.pdf.,Aku,06/24/2025
2026,AL,single_parent,standard_deduction,taxable_income_subtraction,flat,26000,26499,5065,NA,"Alabama Department of Revenue. Standard Deduction/Optional Standard Deduction Tables and Dependent Exemption Table for the 2023 Tax Year. Published January 2024. Accessed June 9, 2025. https://www.revenue.alabama.gov/wp-content/uploads/2024/01/23stddeduction40.pdf.",https://www.revenue.alabama.gov/wp-content/uploads/2024/01/23stddeduction40.pdf.,Aku,06/24/2025
2026,AL,single_parent,standard_deduction,taxable_income_subtraction,flat,26500,26999,4930,NA,"Alabama Department of Revenue. Standard Deduction/Optional Standard Deduction Tables and Dependent Exemption Table for the 2023 Tax Year. Published January 2024. Accessed June 9, 2025. https://www.revenue.alabama.gov/wp-content/uploads/2024/01/23stddeduction40.pdf.",https://www.revenue.alabama.gov/wp-content/uploads/2024/01/23stddeduction40.pdf.,Aku,06/24/2025
2026,AL,single_parent,standard_deduction,taxable_income_subtraction,flat,27000,27499,4795,NA,"Alabama Department of Revenue. Standard Deduction/Optional Standard Deduction Tables and Dependent Exemption Table for the 2023 Tax Year. Published January 2024. Accessed June 9, 2025. https://www.revenue.alabama.gov/wp-content/uploads/2024/01/23stddeduction40.pdf.",https://www.revenue.alabama.gov/wp-content/uploads/2024/01/23stddeduction40.pdf.,Aku,06/24/2025
2026,AL,single_parent,standard_deduction,taxable_income_subtraction,flat,27500,27999,4660,NA,"Alabama Department of Revenue. Standard Deduction/Optional Standard Deduction Tables and Dependent Exemption Table for the 2023 Tax Year. Published January 2024. Accessed June 9, 2025. https://www.revenue.alabama.gov/wp-content/uploads/2024/01/23stddeduction40.pdf.",https://www.revenue.alabama.gov/wp-content/uploads/2024/01/23stddeduction40.pdf.,Aku,06/24/2025
2026,AL,single_parent,standard_deduction,taxable_income_subtraction,flat,28000,28499,4525,NA,"Alabama Department of Revenue. Standard Deduction/Optional Standard Deduction Tables and Dependent Exemption Table for the 2023 Tax Year. Published January 2024. Accessed June 9, 2025. https://www.revenue.alabama.gov/wp-content/uploads/2024/01/23stddeduction40.pdf.",https://www.revenue.alabama.gov/wp-content/uploads/2024/01/23stddeduction40.pdf.,Aku,06/24/2025
2026,AL,single_parent,standard_deduction,taxable_income_subtraction,flat,28500,28999,4390,NA,"Alabama Department of Revenue. Standard Deduction/Optional Standard Deduction Tables and Dependent Exemption Table for the 2023 Tax Year. Published January 2024. Accessed June 9, 2025. https://www.revenue.alabama.gov/wp-content/uploads/2024/01/23stddeduction40.pdf.",https://www.revenue.alabama.gov/wp-content/uploads/2024/01/23stddeduction40.pdf.,Aku,06/24/2025
2026,AL,single_parent,standard_deduction,taxable_income_subtraction,flat,29000,29499,4255,NA,"Alabama Department of Revenue. Standard Deduction/Optional Standard Deduction Tables and Dependent Exemption Table for the 2023 Tax Year. Published January 2024. Accessed June 9, 2025. https://www.revenue.alabama.gov/wp-content/uploads/2024/01/23stddeduction40.pdf.",https://www.revenue.alabama.gov/wp-content/uploads/2024/01/23stddeduction40.pdf.,Aku,06/24/2025
2026,AL,single_parent,standard_deduction,taxable_income_subtraction,flat,29500,29999,4120,NA,"Alabama Department of Revenue. Standard Deduction/Optional Standard Deduction Tables and Dependent Exemption Table for the 2023 Tax Year. Published January 2024. Accessed June 9, 2025. https://www.revenue.alabama.gov/wp-content/uploads/2024/01/23stddeduction40.pdf.",https://www.revenue.alabama.gov/wp-content/uploads/2024/01/23stddeduction40.pdf.,Aku,06/24/2025
2026,AL,single_parent,standard_deduction,taxable_income_subtraction,flat,30000,30499,3985,NA,"Alabama Department of Revenue. Standard Deduction/Optional Standard Deduction Tables and Dependent Exemption Table for the 2023 Tax Year. Published January 2024. Accessed June 9, 2025. https://www.revenue.alabama.gov/wp-content/uploads/2024/01/23stddeduction40.pdf.",https://www.revenue.alabama.gov/wp-content/uploads/2024/01/23stddeduction40.pdf.,Aku,06/24/2025
2026,AL,single_parent,standard_deduction,taxable_income_subtraction,flat,30500,30999,3850,NA,"Alabama Department of Revenue. Standard Deduction/Optional Standard Deduction Tables and Dependent Exemption Table for the 2023 Tax Year. Published January 2024. Accessed June 9, 2025. https://www.revenue.alabama.gov/wp-content/uploads/2024/01/23stddeduction40.pdf.",https://www.revenue.alabama.gov/wp-content/uploads/2024/01/23stddeduction40.pdf.,Aku,06/24/2025
2026,AL,single_parent,standard_deduction,taxable_income_subtraction,flat,31000,31499,3715,NA,"Alabama Department of Revenue. Standard Deduction/Optional Standard Deduction Tables and Dependent Exemption Table for the 2023 Tax Year. Published January 2024. Accessed June 9, 2025. https://www.revenue.alabama.gov/wp-content/uploads/2024/01/23stddeduction40.pdf.",https://www.revenue.alabama.gov/wp-content/uploads/2024/01/23stddeduction40.pdf.,Aku,06/24/2025
2026,AL,single_parent,standard_deduction,taxable_income_subtraction,flat,31500,31999,3580,NA,"Alabama Department of Revenue. Standard Deduction/Optional Standard Deduction Tables and Dependent Exemption Table for the 2023 Tax Year. Published January 2024. Accessed June 9, 2025. https://www.revenue.alabama.gov/wp-content/uploads/2024/01/23stddeduction40.pdf.",https://www.revenue.alabama.gov/wp-content/uploads/2024/01/23stddeduction40.pdf.,Aku,06/24/2025
2026,AL,single_parent,standard_deduction,taxable_income_subtraction,flat,32000,32499,3445,NA,"Alabama Department of Revenue. Standard Deduction/Optional Standard Deduction Tables and Dependent Exemption Table for the 2023 Tax Year. Published January 2024. Accessed June 9, 2025. https://www.revenue.alabama.gov/wp-content/uploads/2024/01/23stddeduction40.pdf.",https://www.revenue.alabama.gov/wp-content/uploads/2024/01/23stddeduction40.pdf.,Aku,06/24/2025
2026,AL,single_parent,standard_deduction,taxable_income_subtraction,flat,32500,32999,3310,NA,"Alabama Department of Revenue. Standard Deduction/Optional Standard Deduction Tables and Dependent Exemption Table for the 2023 Tax Year. Published January 2024. Accessed June 9, 2025. https://www.revenue.alabama.gov/wp-content/uploads/2024/01/23stddeduction40.pdf.",https://www.revenue.alabama.gov/wp-content/uploads/2024/01/23stddeduction40.pdf.,Aku,06/24/2025
2026,AL,single_parent,standard_deduction,taxable_income_subtraction,flat,33000,33499,3175,NA,"Alabama Department of Revenue. Standard Deduction/Optional Standard Deduction Tables and Dependent Exemption Table for the 2023 Tax Year. Published January 2024. Accessed June 9, 2025. https://www.revenue.alabama.gov/wp-content/uploads/2024/01/23stddeduction40.pdf.",https://www.revenue.alabama.gov/wp-content/uploads/2024/01/23stddeduction40.pdf.,Aku,06/24/2025
2026,AL,single_parent,standard_deduction,taxable_income_subtraction,flat,33500,33999,3040,NA,"Alabama Department of Revenue. Standard Deduction/Optional Standard Deduction Tables and Dependent Exemption Table for the 2023 Tax Year. Published January 2024. Accessed June 9, 2025. https://www.revenue.alabama.gov/wp-content/uploads/2024/01/23stddeduction40.pdf.",https://www.revenue.alabama.gov/wp-content/uploads/2024/01/23stddeduction40.pdf.,Aku,06/24/2025
2026,AL,single_parent,standard_deduction,taxable_income_subtraction,flat,34000,34499,2905,NA,"Alabama Department of Revenue. Standard Deduction/Optional Standard Deduction Tables and Dependent Exemption Table for the 2023 Tax Year. Published January 2024. Accessed June 9, 2025. https://www.revenue.alabama.gov/wp-content/uploads/2024/01/23stddeduction40.pdf.",https://www.revenue.alabama.gov/wp-content/uploads/2024/01/23stddeduction40.pdf.,Aku,06/24/2025
2026,AL,single_parent,standard_deduction,taxable_income_subtraction,flat,34500,34999,2770,NA,"Alabama Department of Revenue. Standard Deduction/Optional Standard Deduction Tables and Dependent Exemption Table for the 2023 Tax Year. Published January 2024. Accessed June 9, 2025. https://www.revenue.alabama.gov/wp-content/uploads/2024/01/23stddeduction40.pdf.",https://www.revenue.alabama.gov/wp-content/uploads/2024/01/23stddeduction40.pdf.,Aku,06/24/2025
2026,AL,single_parent,standard_deduction,taxable_income_subtraction,flat,35000,35499,2635,NA,"Alabama Department of Revenue. Standard Deduction/Optional Standard Deduction Tables and Dependent Exemption Table for the 2023 Tax Year. Published January 2024. Accessed June 9, 2025. https://www.revenue.alabama.gov/wp-content/uploads/2024/01/23stddeduction40.pdf.",https://www.revenue.alabama.gov/wp-content/uploads/2024/01/23stddeduction40.pdf.,Aku,06/24/2025
2026,AL,single_parent,standard_deduction,taxable_income_subtraction,flat,35500,Inf,2500,NA,"Alabama Department of Revenue. Standard Deduction/Optional Standard Deduction Tables and Dependent Exemption Table for the 2023 Tax Year. Published January 2024. Accessed June 9, 2025. https://www.revenue.alabama.gov/wp-content/uploads/2024/01/23stddeduction40.pdf.",https://www.revenue.alabama.gov/wp-content/uploads/2024/01/23stddeduction40.pdf.,Aku,06/24/2025
2026,AL,single_adult,standard_deduction,taxable_income_subtraction,flat,0,25999,3000,NA,"Alabama Department of Revenue. Standard Deduction/Optional Standard Deduction Tables and Dependent Exemption Table for the 2023 Tax Year. Published January 2024. Accessed June 9, 2025. https://www.revenue.alabama.gov/wp-content/uploads/2024/01/23stddeduction40.pdf.",https://www.revenue.alabama.gov/wp-content/uploads/2024/01/23stddeduction40.pdf.,Aku,06/24/2025
2026,AL,single_adult,standard_deduction,taxable_income_subtraction,flat,26000,26499,2975,NA,"Alabama Department of Revenue. Standard Deduction/Optional Standard Deduction Tables and Dependent Exemption Table for the 2023 Tax Year. Published January 2024. Accessed June 9, 2025. https://www.revenue.alabama.gov/wp-content/uploads/2024/01/23stddeduction40.pdf.",https://www.revenue.alabama.gov/wp-content/uploads/2024/01/23stddeduction40.pdf.,Aku,06/24/2025
2026,AL,single_adult,standard_deduction,taxable_income_subtraction,flat,26500,26999,2950,NA,"Alabama Department of Revenue. Standard Deduction/Optional Standard Deduction Tables and Dependent Exemption Table for the 2023 Tax Year. Published January 2024. Accessed June 9, 2025. https://www.revenue.alabama.gov/wp-content/uploads/2024/01/23stddeduction40.pdf.",https://www.revenue.alabama.gov/wp-content/uploads/2024/01/23stddeduction40.pdf.,Aku,06/24/2025
2026,AL,single_adult,standard_deduction,taxable_income_subtraction,flat,27000,27499,2925,NA,"Alabama Department of Revenue. Standard Deduction/Optional Standard Deduction Tables and Dependent Exemption Table for the 2023 Tax Year. Published January 2024. Accessed June 9, 2025. https://www.revenue.alabama.gov/wp-content/uploads/2024/01/23stddeduction40.pdf.",https://www.revenue.alabama.gov/wp-content/uploads/2024/01/23stddeduction40.pdf.,Aku,06/24/2025
2026,AL,single_adult,standard_deduction,taxable_income_subtraction,flat,27500,27999,2900,NA,"Alabama Department of Revenue. Standard Deduction/Optional Standard Deduction Tables and Dependent Exemption Table for the 2023 Tax Year. Published January 2024. Accessed June 9, 2025. https://www.revenue.alabama.gov/wp-content/uploads/2024/01/23stddeduction40.pdf.",https://www.revenue.alabama.gov/wp-content/uploads/2024/01/23stddeduction40.pdf.,Aku,06/24/2025
2026,AL,single_adult,standard_deduction,taxable_income_subtraction,flat,28000,28499,2875,NA,"Alabama Department of Revenue. Standard Deduction/Optional Standard Deduction Tables and Dependent Exemption Table for the 2023 Tax Year. Published January 2024. Accessed June 9, 2025. https://www.revenue.alabama.gov/wp-content/uploads/2024/01/23stddeduction40.pdf.",https://www.revenue.alabama.gov/wp-content/uploads/2024/01/23stddeduction40.pdf.,Aku,06/24/2025
2026,AL,single_adult,standard_deduction,taxable_income_subtraction,flat,28500,28999,2850,NA,"Alabama Department of Revenue. Standard Deduction/Optional Standard Deduction Tables and Dependent Exemption Table for the 2023 Tax Year. Published January 2024. Accessed June 9, 2025. https://www.revenue.alabama.gov/wp-content/uploads/2024/01/23stddeduction40.pdf.",https://www.revenue.alabama.gov/wp-content/uploads/2024/01/23stddeduction40.pdf.,Aku,06/24/2025
2026,AL,single_adult,standard_deduction,taxable_income_subtraction,flat,29000,29499,2825,NA,"Alabama Department of Revenue. Standard Deduction/Optional Standard Deduction Tables and Dependent Exemption Table for the 2023 Tax Year. Published January 2024. Accessed June 9, 2025. https://www.revenue.alabama.gov/wp-content/uploads/2024/01/23stddeduction40.pdf.",https://www.revenue.alabama.gov/wp-content/uploads/2024/01/23stddeduction40.pdf.,Aku,06/24/2025
2026,AL,single_adult,standard_deduction,taxable_income_subtraction,flat,29500,29999,2800,NA,"Alabama Department of Revenue. Standard Deduction/Optional Standard Deduction Tables and Dependent Exemption Table for the 2023 Tax Year. Published January 2024. Accessed June 9, 2025. https://www.revenue.alabama.gov/wp-content/uploads/2024/01/23stddeduction40.pdf.",https://www.revenue.alabama.gov/wp-content/uploads/2024/01/23stddeduction40.pdf.,Aku,06/24/2025
2026,AL,single_adult,standard_deduction,taxable_income_subtraction,flat,30000,30499,2775,NA,"Alabama Department of Revenue. Standard Deduction/Optional Standard Deduction Tables and Dependent Exemption Table for the 2023 Tax Year. Published January 2024. Accessed June 9, 2025. https://www.revenue.alabama.gov/wp-content/uploads/2024/01/23stddeduction40.pdf.",https://www.revenue.alabama.gov/wp-content/uploads/2024/01/23stddeduction40.pdf.,Aku,06/24/2025
2026,AL,single_adult,standard_deduction,taxable_income_subtraction,flat,30500,30999,2750,NA,"Alabama Department of Revenue. Standard Deduction/Optional Standard Deduction Tables and Dependent Exemption Table for the 2023 Tax Year. Published January 2024. Accessed June 9, 2025. https://www.revenue.alabama.gov/wp-content/uploads/2024/01/23stddeduction40.pdf.",https://www.revenue.alabama.gov/wp-content/uploads/2024/01/23stddeduction40.pdf.,Aku,06/24/2025
2026,AL,single_adult,standard_deduction,taxable_income_subtraction,flat,31000,31499,2725,NA,"Alabama Department of Revenue. Standard Deduction/Optional Standard Deduction Tables and Dependent Exemption Table for the 2023 Tax Year. Published January 2024. Accessed June 9, 2025. https://www.revenue.alabama.gov/wp-content/uploads/2024/01/23stddeduction40.pdf.",https://www.revenue.alabama.gov/wp-content/uploads/2024/01/23stddeduction40.pdf.,Aku,06/24/2025
2026,AL,single_adult,standard_deduction,taxable_income_subtraction,flat,31500,31999,2700,NA,"Alabama Department of Revenue. Standard Deduction/Optional Standard Deduction Tables and Dependent Exemption Table for the 2023 Tax Year. Published January 2024. Accessed June 9, 2025. https://www.revenue.alabama.gov/wp-content/uploads/2024/01/23stddeduction40.pdf.",https://www.revenue.alabama.gov/wp-content/uploads/2024/01/23stddeduction40.pdf.,Aku,06/24/2025
2026,AL,single_adult,standard_deduction,taxable_income_subtraction,flat,32000,32499,2675,NA,"Alabama Department of Revenue. Standard Deduction/Optional Standard Deduction Tables and Dependent Exemption Table for the 2023 Tax Year. Published January 2024. Accessed June 9, 2025. https://www.revenue.alabama.gov/wp-content/uploads/2024/01/23stddeduction40.pdf.",https://www.revenue.alabama.gov/wp-content/uploads/2024/01/23stddeduction40.pdf.,Aku,06/24/2025
2026,AL,single_adult,standard_deduction,taxable_income_subtraction,flat,32500,32999,2650,NA,"Alabama Department of Revenue. Standard Deduction/Optional Standard Deduction Tables and Dependent Exemption Table for the 2023 Tax Year. Published January 2024. Accessed June 9, 2025. https://www.revenue.alabama.gov/wp-content/uploads/2024/01/23stddeduction40.pdf.",https://www.revenue.alabama.gov/wp-content/uploads/2024/01/23stddeduction40.pdf.,Aku,06/24/2025
2026,AL,single_adult,standard_deduction,taxable_income_subtraction,flat,33000,33499,2625,NA,"Alabama Department of Revenue. Standard Deduction/Optional Standard Deduction Tables and Dependent Exemption Table for the 2023 Tax Year. Published January 2024. Accessed June 9, 2025. https://www.revenue.alabama.gov/wp-content/uploads/2024/01/23stddeduction40.pdf.",https://www.revenue.alabama.gov/wp-content/uploads/2024/01/23stddeduction40.pdf.,Aku,06/24/2025
2026,AL,single_adult,standard_deduction,taxable_income_subtraction,flat,33500,33999,2600,NA,"Alabama Department of Revenue. Standard Deduction/Optional Standard Deduction Tables and Dependent Exemption Table for the 2023 Tax Year. Published January 2024. Accessed June 9, 2025. https://www.revenue.alabama.gov/wp-content/uploads/2024/01/23stddeduction40.pdf.",https://www.revenue.alabama.gov/wp-content/uploads/2024/01/23stddeduction40.pdf.,Aku,06/24/2025
2026,AL,single_adult,standard_deduction,taxable_income_subtraction,flat,34000,34499,2575,NA,"Alabama Department of Revenue. Standard Deduction/Optional Standard Deduction Tables and Dependent Exemption Table for the 2023 Tax Year. Published January 2024. Accessed June 9, 2025. https://www.revenue.alabama.gov/wp-content/uploads/2024/01/23stddeduction40.pdf.",https://www.revenue.alabama.gov/wp-content/uploads/2024/01/23stddeduction40.pdf.,Aku,06/24/2025
2026,AL,single_adult,standard_deduction,taxable_income_subtraction,flat,34500,34999,2550,NA,"Alabama Department of Revenue. Standard Deduction/Optional Standard Deduction Tables and Dependent Exemption Table for the 2023 Tax Year. Published January 2024. Accessed June 9, 2025. https://www.revenue.alabama.gov/wp-content/uploads/2024/01/23stddeduction40.pdf.",https://www.revenue.alabama.gov/wp-content/uploads/2024/01/23stddeduction40.pdf.,Aku,06/24/2025
2026,AL,single_adult,standard_deduction,taxable_income_subtraction,flat,35000,35499,2525,NA,"Alabama Department of Revenue. Standard Deduction/Optional Standard Deduction Tables and Dependent Exemption Table for the 2023 Tax Year. Published January 2024. Accessed June 9, 2025. https://www.revenue.alabama.gov/wp-content/uploads/2024/01/23stddeduction40.pdf.",https://www.revenue.alabama.gov/wp-content/uploads/2024/01/23stddeduction40.pdf.,Aku,06/24/2025
2026,AL,single_adult,standard_deduction,taxable_income_subtraction,flat,35500,Inf,2500,NA,"Alabama Department of Revenue. Standard Deduction/Optional Standard Deduction Tables and Dependent Exemption Table for the 2023 Tax Year. Published January 2024. Accessed June 9, 2025. https://www.revenue.alabama.gov/wp-content/uploads/2024/01/23stddeduction40.pdf.",https://www.revenue.alabama.gov/wp-content/uploads/2024/01/23stddeduction40.pdf.,Aku,06/24/2025
2026,MD,single_adult,exemption_per_person,taxable_income_subtraction,per_person,0,100000,3200,NA,"Comptroller of Maryland. MW‑507: Employee Withholding Exemption Certificate Instructions. Baltimore: Maryland Department of Transportation Office of Human Resources, January 2025. https://www.mdot.maryland.gov/OHR/MW‑507‑Instructions.pdf.",https://www.mdot.maryland.gov/OHR/MW‑507‑Instructions.pdf.,Aku,06/30/2025
2026,MD,single_adult,exemption_per_person,taxable_income_subtraction,per_person,10000,125000,1600,NA,"Comptroller of Maryland. MW‑507: Employee Withholding Exemption Certificate Instructions. Baltimore: Maryland Department of Transportation Office of Human Resources, January 2025. https://www.mdot.maryland.gov/OHR/MW‑507‑Instructions.pdf.",https://www.mdot.maryland.gov/OHR/MW‑507‑Instructions.pdf.,Aku,06/30/2025
2026,MD,single_adult,exemption_per_person,taxable_income_subtraction,per_person,125000,150000,800,NA,"Comptroller of Maryland. MW‑507: Employee Withholding Exemption Certificate Instructions. Baltimore: Maryland Department of Transportation Office of Human Resources, January 2025. https://www.mdot.maryland.gov/OHR/MW‑507‑Instructions.pdf.",https://www.mdot.maryland.gov/OHR/MW‑507‑Instructions.pdf.,Aku,06/30/2025
2026,MD,single_adult,exemption_per_person,taxable_income_subtraction,per_person,150000,175000,0,NA,"Comptroller of Maryland. MW‑507: Employee Withholding Exemption Certificate Instructions. Baltimore: Maryland Department of Transportation Office of Human Resources, January 2025. https://www.mdot.maryland.gov/OHR/MW‑507‑Instructions.pdf.",https://www.mdot.maryland.gov/OHR/MW‑507‑Instructions.pdf.,Aku,06/30/2025
2026,MD,single_adult,exemption_per_person,taxable_income_subtraction,per_person,175000,200000,0,NA,"Comptroller of Maryland. MW‑507: Employee Withholding Exemption Certificate Instructions. Baltimore: Maryland Department of Transportation Office of Human Resources, January 2025. https://www.mdot.maryland.gov/OHR/MW‑507‑Instructions.pdf.",https://www.mdot.maryland.gov/OHR/MW‑507‑Instructions.pdf.,Aku,06/30/2025
2026,MD,single_adult,exemption_per_person,taxable_income_subtraction,per_person,200000,Inf,0,NA,"Comptroller of Maryland. MW‑507: Employee Withholding Exemption Certificate Instructions. Baltimore: Maryland Department of Transportation Office of Human Resources, January 2025. https://www.mdot.maryland.gov/OHR/MW‑507‑Instructions.pdf.",https://www.mdot.maryland.gov/OHR/MW‑507‑Instructions.pdf.,Aku,06/30/2025
2026,MD,single_parent,exemption_per_person,taxable_income_subtraction,per_person,0,100000,3200,NA,"Comptroller of Maryland. MW‑507: Employee Withholding Exemption Certificate Instructions. Baltimore: Maryland Department of Transportation Office of Human Resources, January 2025. https://www.mdot.maryland.gov/OHR/MW‑507‑Instructions.pdf.",https://www.mdot.maryland.gov/OHR/MW‑507‑Instructions.pdf.,Aku,06/30/2025
2026,MD,single_parent,exemption_per_person,taxable_income_subtraction,per_person,10000,125000,3200,NA,"Comptroller of Maryland. MW‑507: Employee Withholding Exemption Certificate Instructions. Baltimore: Maryland Department of Transportation Office of Human Resources, January 2025. https://www.mdot.maryland.gov/OHR/MW‑507‑Instructions.pdf.",https://www.mdot.maryland.gov/OHR/MW‑507‑Instructions.pdf.,Aku,06/30/2025
2026,MD,single_parent,exemption_per_person,taxable_income_subtraction,per_person,125000,150000,3200,NA,"Comptroller of Maryland. MW‑507: Employee Withholding Exemption Certificate Instructions. Baltimore: Maryland Department of Transportation Office of Human Resources, January 2025. https://www.mdot.maryland.gov/OHR/MW‑507‑Instructions.pdf.",https://www.mdot.maryland.gov/OHR/MW‑507‑Instructions.pdf.,Aku,06/30/2025
2026,MD,single_parent,exemption_per_person,taxable_income_subtraction,per_person,150000,175000,1600,NA,"Comptroller of Maryland. MW‑507: Employee Withholding Exemption Certificate Instructions. Baltimore: Maryland Department of Transportation Office of Human Resources, January 2025. https://www.mdot.maryland.gov/OHR/MW‑507‑Instructions.pdf.",https://www.mdot.maryland.gov/OHR/MW‑507‑Instructions.pdf.,Aku,06/30/2025
2026,MD,single_parent,exemption_per_person,taxable_income_subtraction,per_person,175000,200000,800,NA,"Comptroller of Maryland. MW‑507: Employee Withholding Exemption Certificate Instructions. Baltimore: Maryland Department of Transportation Office of Human Resources, January 2025. https://www.mdot.maryland.gov/OHR/MW‑507‑Instructions.pdf.",https://www.mdot.maryland.gov/OHR/MW‑507‑Instructions.pdf.,Aku,06/30/2025
2026,MD,single_parent,exemption_per_person,taxable_income_subtraction,per_person,200000,Inf,0,NA,"Comptroller of Maryland. MW‑507: Employee Withholding Exemption Certificate Instructions. Baltimore: Maryland Department of Transportation Office of Human Resources, January 2025. https://www.mdot.maryland.gov/OHR/MW‑507‑Instructions.pdf.",https://www.mdot.maryland.gov/OHR/MW‑507‑Instructions.pdf.,Aku,06/30/2025
2026,MD,married,exemption_per_person,taxable_income_subtraction,per_person,0,100000,3200,NA,"Comptroller of Maryland. MW‑507: Employee Withholding Exemption Certificate Instructions. Baltimore: Maryland Department of Transportation Office of Human Resources, January 2025. https://www.mdot.maryland.gov/OHR/MW‑507‑Instructions.pdf.",https://www.mdot.maryland.gov/OHR/MW‑507‑Instructions.pdf.,Aku,06/30/2025
2026,MD,married,exemption_per_person,taxable_income_subtraction,per_person,10000,125000,3200,NA,"Comptroller of Maryland. MW‑507: Employee Withholding Exemption Certificate Instructions. Baltimore: Maryland Department of Transportation Office of Human Resources, January 2025. https://www.mdot.maryland.gov/OHR/MW‑507‑Instructions.pdf.",https://www.mdot.maryland.gov/OHR/MW‑507‑Instructions.pdf.,Aku,06/30/2025
2026,MD,married,exemption_per_person,taxable_income_subtraction,per_person,125000,150000,3200,NA,"Comptroller of Maryland. MW‑507: Employee Withholding Exemption Certificate Instructions. Baltimore: Maryland Department of Transportation Office of Human Resources, January 2025. https://www.mdot.maryland.gov/OHR/MW‑507‑Instructions.pdf.",https://www.mdot.maryland.gov/OHR/MW‑507‑Instructions.pdf.,Aku,06/30/2025
2026,MD,married,exemption_per_person,taxable_income_subtraction,per_person,150000,175000,1600,NA,"Comptroller of Maryland. MW‑507: Employee Withholding Exemption Certificate Instructions. Baltimore: Maryland Department of Transportation Office of Human Resources, January 2025. https://www.mdot.maryland.gov/OHR/MW‑507‑Instructions.pdf.",https://www.mdot.maryland.gov/OHR/MW‑507‑Instructions.pdf.,Aku,06/30/2025
2026,MD,married,exemption_per_person,taxable_income_subtraction,per_person,175000,200000,800,NA,"Comptroller of Maryland. MW‑507: Employee Withholding Exemption Certificate Instructions. Baltimore: Maryland Department of Transportation Office of Human Resources, January 2025. https://www.mdot.maryland.gov/OHR/MW‑507‑Instructions.pdf.",https://www.mdot.maryland.gov/OHR/MW‑507‑Instructions.pdf.,Aku,06/30/2025
2026,MD,married,exemption_per_person,taxable_income_subtraction,per_person,200000,Inf,0,NA,"Comptroller of Maryland. MW‑507: Employee Withholding Exemption Certificate Instructions. Baltimore: Maryland Department of Transportation Office of Human Resources, January 2025. https://www.mdot.maryland.gov/OHR/MW‑507‑Instructions.pdf.",https://www.mdot.maryland.gov/OHR/MW‑507‑Instructions.pdf.,Aku,06/30/2025
2026,NC,single_parent,dependent_exemption,taxable_income_subtraction,per_child,0,30000,3000,NA,North Carolina Department of Revenue. “North Carolina Child Deduction.” Accessed July 2025. https://www.ncdor.gov/taxes-forms/individual-income-tax/filing-topics/north-carolina-child-deduction,https://www.ncdor.gov/taxes-forms/individual-income-tax/filing-topics/north-carolina-child-deduction,AKu,NA
2026,NC,single_parent,dependent_exemption,taxable_income_subtraction,per_child,30000,45000,2500,NA,North Carolina Department of Revenue. “North Carolina Child Deduction.” Accessed July 2025. https://www.ncdor.gov/taxes-forms/individual-income-tax/filing-topics/north-carolina-child-deduction,https://www.ncdor.gov/taxes-forms/individual-income-tax/filing-topics/north-carolina-child-deduction,AKu,NA
2026,NC,single_parent,dependent_exemption,taxable_income_subtraction,per_child,45000,60000,2000,NA,North Carolina Department of Revenue. “North Carolina Child Deduction.” Accessed July 2025. https://www.ncdor.gov/taxes-forms/individual-income-tax/filing-topics/north-carolina-child-deduction,https://www.ncdor.gov/taxes-forms/individual-income-tax/filing-topics/north-carolina-child-deduction,AKu,NA
2026,NC,single_parent,dependent_exemption,taxable_income_subtraction,per_child,60000,75000,1500,NA,North Carolina Department of Revenue. “North Carolina Child Deduction.” Accessed July 2025. https://www.ncdor.gov/taxes-forms/individual-income-tax/filing-topics/north-carolina-child-deduction,https://www.ncdor.gov/taxes-forms/individual-income-tax/filing-topics/north-carolina-child-deduction,AKu,NA
2026,NC,single_parent,dependent_exemption,taxable_income_subtraction,per_child,75000,90000,1000,NA,North Carolina Department of Revenue. “North Carolina Child Deduction.” Accessed July 2025. https://www.ncdor.gov/taxes-forms/individual-income-tax/filing-topics/north-carolina-child-deduction,https://www.ncdor.gov/taxes-forms/individual-income-tax/filing-topics/north-carolina-child-deduction,AKu,NA
2026,NC,single_parent,dependent_exemption,taxable_income_subtraction,per_child,90000,105000,500,NA,North Carolina Department of Revenue. “North Carolina Child Deduction.” Accessed July 2025. https://www.ncdor.gov/taxes-forms/individual-income-tax/filing-topics/north-carolina-child-deduction,https://www.ncdor.gov/taxes-forms/individual-income-tax/filing-topics/north-carolina-child-deduction,AKu,NA
2026,NC,single_parent,dependent_exemption,taxable_income_subtraction,per_child,105000,Inf,0,NA,North Carolina Department of Revenue. “North Carolina Child Deduction.” Accessed July 2025. https://www.ncdor.gov/taxes-forms/individual-income-tax/filing-topics/north-carolina-child-deduction,https://www.ncdor.gov/taxes-forms/individual-income-tax/filing-topics/north-carolina-child-deduction,AKu,NA
2026,NC,married,dependent_exemption,taxable_income_subtraction,per_child,0,40000,3000,NA,North Carolina Department of Revenue. “North Carolina Child Deduction.” Accessed July 2025. https://www.ncdor.gov/taxes-forms/individual-income-tax/filing-topics/north-carolina-child-deduction,https://www.ncdor.gov/taxes-forms/individual-income-tax/filing-topics/north-carolina-child-deduction,AKu,NA
2026,NC,married,dependent_exemption,taxable_income_subtraction,per_child,40000,60000,2500,NA,North Carolina Department of Revenue. “North Carolina Child Deduction.” Accessed July 2025. https://www.ncdor.gov/taxes-forms/individual-income-tax/filing-topics/north-carolina-child-deduction,https://www.ncdor.gov/taxes-forms/individual-income-tax/filing-topics/north-carolina-child-deduction,AKu,NA
2026,NC,married,dependent_exemption,taxable_income_subtraction,per_child,60000,80000,2000,NA,North Carolina Department of Revenue. “North Carolina Child Deduction.” Accessed July 2025. https://www.ncdor.gov/taxes-forms/individual-income-tax/filing-topics/north-carolina-child-deduction,https://www.ncdor.gov/taxes-forms/individual-income-tax/filing-topics/north-carolina-child-deduction,AKu,NA
2026,NC,married,dependent_exemption,taxable_income_subtraction,per_child,80000,100000,1500,NA,North Carolina Department of Revenue. “North Carolina Child Deduction.” Accessed July 2025. https://www.ncdor.gov/taxes-forms/individual-income-tax/filing-topics/north-carolina-child-deduction,https://www.ncdor.gov/taxes-forms/individual-income-tax/filing-topics/north-carolina-child-deduction,AKu,NA
2026,NC,married,dependent_exemption,taxable_income_subtraction,per_child,100000,120000,1000,NA,North Carolina Department of Revenue. “North Carolina Child Deduction.” Accessed July 2025. https://www.ncdor.gov/taxes-forms/individual-income-tax/filing-topics/north-carolina-child-deduction,https://www.ncdor.gov/taxes-forms/individual-income-tax/filing-topics/north-carolina-child-deduction,AKu,NA
2026,NC,married,dependent_exemption,taxable_income_subtraction,per_child,120000,140000,500,NA,North Carolina Department of Revenue. “North Carolina Child Deduction.” Accessed July 2025. https://www.ncdor.gov/taxes-forms/individual-income-tax/filing-topics/north-carolina-child-deduction,https://www.ncdor.gov/taxes-forms/individual-income-tax/filing-topics/north-carolina-child-deduction,AKu,NA
2026,NC,married,dependent_exemption,taxable_income_subtraction,per_child,140000,Inf,0,NA,North Carolina Department of Revenue. “North Carolina Child Deduction.” Accessed July 2025. https://www.ncdor.gov/taxes-forms/individual-income-tax/filing-topics/north-carolina-child-deduction,https://www.ncdor.gov/taxes-forms/individual-income-tax/filing-topics/north-carolina-child-deduction,AKu,NA
2026,OH,single_adult,exemption_per_person,taxable_income_subtraction,per_person,0,40000,2400,NA,"Ohio Department of Taxation. 2024 IT 1040: Income Tax — Resident Individual Income Tax Booklet. Columbus, OH: Ohio Department of Taxation, 2024. Accessed July 2025. https://dam.assets.ohio.gov/image/upload/v1735920104/tax.ohio.gov/forms/ohio_individual/individual/2024/it1040-booklet.pdf.",https://dam.assets.ohio.gov/image/upload/v1735920104/tax.ohio.gov/forms/ohio_individual/individual/2024/it1040-booklet.pdf,Aku,NA
2026,OH,single_adult,exemption_per_person,taxable_income_subtraction,per_person,40001,80000,2150,NA,"Ohio Department of Taxation. 2024 IT 1040: Income Tax — Resident Individual Income Tax Booklet. Columbus, OH: Ohio Department of Taxation, 2024. Accessed July 2025. https://dam.assets.ohio.gov/image/upload/v1735920104/tax.ohio.gov/forms/ohio_individual/individual/2024/it1040-booklet.pdf.",https://dam.assets.ohio.gov/image/upload/v1735920104/tax.ohio.gov/forms/ohio_individual/individual/2024/it1040-booklet.pdf,Aku,NA
2026,OH,single_adult,exemption_per_person,taxable_income_subtraction,per_person,80000,Inf,1900,NA,"Ohio Department of Taxation. 2024 IT 1040: Income Tax — Resident Individual Income Tax Booklet. Columbus, OH: Ohio Department of Taxation, 2024. Accessed July 2025. https://dam.assets.ohio.gov/image/upload/v1735920104/tax.ohio.gov/forms/ohio_individual/individual/2024/it1040-booklet.pdf.",https://dam.assets.ohio.gov/image/upload/v1735920104/tax.ohio.gov/forms/ohio_individual/individual/2024/it1040-booklet.pdf,AKu,NA
2026,OH,single_parent,exemption_per_person,taxable_income_subtraction,per_person,0,40000,2400,NA,"Ohio Department of Taxation. 2024 IT 1040: Income Tax — Resident Individual Income Tax Booklet. Columbus, OH: Ohio Department of Taxation, 2024. Accessed July 2025. https://dam.assets.ohio.gov/image/upload/v1735920104/tax.ohio.gov/forms/ohio_individual/individual/2024/it1040-booklet.pdf.",https://dam.assets.ohio.gov/image/upload/v1735920104/tax.ohio.gov/forms/ohio_individual/individual/2024/it1040-booklet.pdf,AKu,NA
2026,OH,single_parent,exemption_per_person,taxable_income_subtraction,per_person,40001,80000,2150,NA,"Ohio Department of Taxation. 2024 IT 1040: Income Tax — Resident Individual Income Tax Booklet. Columbus, OH: Ohio Department of Taxation, 2024. Accessed July 2025. https://dam.assets.ohio.gov/image/upload/v1735920104/tax.ohio.gov/forms/ohio_individual/individual/2024/it1040-booklet.pdf.",https://dam.assets.ohio.gov/image/upload/v1735920104/tax.ohio.gov/forms/ohio_individual/individual/2024/it1040-booklet.pdf,AKu,NA
2026,OH,single_parent,exemption_per_person,taxable_income_subtraction,per_person,80000,Inf,1900,NA,"Ohio Department of Taxation. 2024 IT 1040: Income Tax — Resident Individual Income Tax Booklet. Columbus, OH: Ohio Department of Taxation, 2024. Accessed July 2025. https://dam.assets.ohio.gov/image/upload/v1735920104/tax.ohio.gov/forms/ohio_individual/individual/2024/it1040-booklet.pdf.",https://dam.assets.ohio.gov/image/upload/v1735920104/tax.ohio.gov/forms/ohio_individual/individual/2024/it1040-booklet.pdf,AKu,NA
2026,OH,married,exemption_per_person,taxable_income_subtraction,per_person,0,40000,2400,NA,"Ohio Department of Taxation. 2024 IT 1040: Income Tax — Resident Individual Income Tax Booklet. Columbus, OH: Ohio Department of Taxation, 2024. Accessed July 2025. https://dam.assets.ohio.gov/image/upload/v1735920104/tax.ohio.gov/forms/ohio_individual/individual/2024/it1040-booklet.pdf.",https://dam.assets.ohio.gov/image/upload/v1735920104/tax.ohio.gov/forms/ohio_individual/individual/2024/it1040-booklet.pdf,AKu,NA
2026,OH,married,exemption_per_person,taxable_income_subtraction,per_person,40001,80000,2150,NA,"Ohio Department of Taxation. 2024 IT 1040: Income Tax — Resident Individual Income Tax Booklet. Columbus, OH: Ohio Department of Taxation, 2024. Accessed July 2025. https://dam.assets.ohio.gov/image/upload/v1735920104/tax.ohio.gov/forms/ohio_individual/individual/2024/it1040-booklet.pdf.",https://dam.assets.ohio.gov/image/upload/v1735920104/tax.ohio.gov/forms/ohio_individual/individual/2024/it1040-booklet.pdf,AKu,NA
2026,OH,married,exemption_per_person,taxable_income_subtraction,per_person,80000,Inf,1900,NA,"Ohio Department of Taxation. 2024 IT 1040: Income Tax — Resident Individual Income Tax Booklet. Columbus, OH: Ohio Department of Taxation, 2024. Accessed July 2025. https://dam.assets.ohio.gov/image/upload/v1735920104/tax.ohio.gov/forms/ohio_individual/individual/2024/it1040-booklet.pdf.",https://dam.assets.ohio.gov/image/upload/v1735920104/tax.ohio.gov/forms/ohio_individual/individual/2024/it1040-booklet.pdf,AKu,NA
2026,OR,single_adult,federal_tax_liability_subtraction,taxable_income_subtraction,NA,0,125000,8250,Max of the value from this bracket OR $8250,"Oregon Department of Revenue. Form OR‑40 Instructions and Schedules, 2024. Salem: State of Oregon, 2024. Accessed July 14, 2025. https://www.oregon.gov/dor/forms/FormsPubs/form-or-40-inst_101-040-1_2024.pdf",https://www.oregon.gov/dor/forms/FormsPubs/form-or-40-inst_101-040-1_2024.pdf?utm_source=chatgpt.com,AKu,NA
2026,OR,single_adult,federal_tax_liability_subtraction,taxable_income_subtraction,NA,125000,130000,6600,Max of the value from this bracket OR $8251,"Oregon Department of Revenue. Form OR‑40 Instructions and Schedules, 2024. Salem: State of Oregon, 2024. Accessed July 14, 2025. https://www.oregon.gov/dor/forms/FormsPubs/form-or-40-inst_101-040-1_2024.pdf",https://www.oregon.gov/dor/forms/FormsPubs/form-or-40-inst_101-040-1_2024.pdf?utm_source=chatgpt.com,AKu,NA
2026,OR,single_adult,federal_tax_liability_subtraction,taxable_income_subtraction,NA,130000,135000,4950,Max of the value from this bracket OR $8252,"Oregon Department of Revenue. Form OR‑40 Instructions and Schedules, 2024. Salem: State of Oregon, 2024. Accessed July 14, 2025. https://www.oregon.gov/dor/forms/FormsPubs/form-or-40-inst_101-040-1_2024.pdf",https://www.oregon.gov/dor/forms/FormsPubs/form-or-40-inst_101-040-1_2024.pdf?utm_source=chatgpt.com,AKu,NA
2026,OR,single_adult,federal_tax_liability_subtraction,taxable_income_subtraction,NA,135000,140000,3300,Max of the value from this bracket OR $8253,"Oregon Department of Revenue. Form OR‑40 Instructions and Schedules, 2024. Salem: State of Oregon, 2024. Accessed July 14, 2025. https://www.oregon.gov/dor/forms/FormsPubs/form-or-40-inst_101-040-1_2024.pdf",https://www.oregon.gov/dor/forms/FormsPubs/form-or-40-inst_101-040-1_2024.pdf?utm_source=chatgpt.com,AKu,NA
2026,OR,single_adult,federal_tax_liability_subtraction,taxable_income_subtraction,NA,140000,145000,1650,Max of the value from this bracket OR $8254,"Oregon Department of Revenue. Form OR‑40 Instructions and Schedules, 2024. Salem: State of Oregon, 2024. Accessed July 14, 2025. https://www.oregon.gov/dor/forms/FormsPubs/form-or-40-inst_101-040-1_2024.pdf",https://www.oregon.gov/dor/forms/FormsPubs/form-or-40-inst_101-040-1_2024.pdf?utm_source=chatgpt.com,AKu,NA
2026,OR,single_adult,federal_tax_liability_subtraction,taxable_income_subtraction,NA,145000,Inf,0,Max of the value from this bracket OR $8255,"Oregon Department of Revenue. Form OR‑40 Instructions and Schedules, 2024. Salem: State of Oregon, 2024. Accessed July 14, 2025. https://www.oregon.gov/dor/forms/FormsPubs/form-or-40-inst_101-040-1_2024.pdf",https://www.oregon.gov/dor/forms/FormsPubs/form-or-40-inst_101-040-1_2024.pdf?utm_source=chatgpt.com,AKu,NA
2026,OR,single_parent,federal_tax_liability_subtraction,taxable_income_subtraction,NA,0,250000,8250,Max of the value from this bracket OR $8256,"Oregon Department of Revenue. Form OR‑40 Instructions and Schedules, 2024. Salem: State of Oregon, 2024. Accessed July 14, 2025. https://www.oregon.gov/dor/forms/FormsPubs/form-or-40-inst_101-040-1_2024.pdf",https://www.oregon.gov/dor/forms/FormsPubs/form-or-40-inst_101-040-1_2024.pdf?utm_source=chatgpt.com,AKu,NA
2026,OR,single_parent,federal_tax_liability_subtraction,taxable_income_subtraction,NA,250000,260000,6600,Max of the value from this bracket OR $8257,"Oregon Department of Revenue. Form OR‑40 Instructions and Schedules, 2024. Salem: State of Oregon, 2024. Accessed July 14, 2025. https://www.oregon.gov/dor/forms/FormsPubs/form-or-40-inst_101-040-1_2024.pdf",https://www.oregon.gov/dor/forms/FormsPubs/form-or-40-inst_101-040-1_2024.pdf?utm_source=chatgpt.com,AKu,NA
2026,OR,single_parent,federal_tax_liability_subtraction,taxable_income_subtraction,NA,260000,270000,4950,Max of the value from this bracket OR $8258,"Oregon Department of Revenue. Form OR‑40 Instructions and Schedules, 2024. Salem: State of Oregon, 2024. Accessed July 14, 2025. https://www.oregon.gov/dor/forms/FormsPubs/form-or-40-inst_101-040-1_2024.pdf",https://www.oregon.gov/dor/forms/FormsPubs/form-or-40-inst_101-040-1_2024.pdf?utm_source=chatgpt.com,AKu,NA
2026,OR,single_parent,federal_tax_liability_subtraction,taxable_income_subtraction,NA,270000,280000,3300,Max of the value from this bracket OR $8259,"Oregon Department of Revenue. Form OR‑40 Instructions and Schedules, 2024. Salem: State of Oregon, 2024. Accessed July 14, 2025. https://www.oregon.gov/dor/forms/FormsPubs/form-or-40-inst_101-040-1_2024.pdf",https://www.oregon.gov/dor/forms/FormsPubs/form-or-40-inst_101-040-1_2024.pdf?utm_source=chatgpt.com,AKu,NA
2026,OR,single_parent,federal_tax_liability_subtraction,taxable_income_subtraction,NA,280000,290000,1650,Max of the value from this bracket OR $8260,"Oregon Department of Revenue. Form OR‑40 Instructions and Schedules, 2024. Salem: State of Oregon, 2024. Accessed July 14, 2025. https://www.oregon.gov/dor/forms/FormsPubs/form-or-40-inst_101-040-1_2024.pdf",https://www.oregon.gov/dor/forms/FormsPubs/form-or-40-inst_101-040-1_2024.pdf?utm_source=chatgpt.com,AKu,NA
2026,OR,single_parent,federal_tax_liability_subtraction,taxable_income_subtraction,NA,290000,Inf,0,Max of the value from this bracket OR $8261,"Oregon Department of Revenue. Form OR‑40 Instructions and Schedules, 2024. Salem: State of Oregon, 2024. Accessed July 14, 2025. https://www.oregon.gov/dor/forms/FormsPubs/form-or-40-inst_101-040-1_2024.pdf",https://www.oregon.gov/dor/forms/FormsPubs/form-or-40-inst_101-040-1_2024.pdf?utm_source=chatgpt.com,AKu,NA
2026,OR,married,federal_tax_liability_subtraction,taxable_income_subtraction,NA,0,250000,8250,Max of the value from this bracket OR $8262,"Oregon Department of Revenue. Form OR‑40 Instructions and Schedules, 2024. Salem: State of Oregon, 2024. Accessed July 14, 2025. https://www.oregon.gov/dor/forms/FormsPubs/form-or-40-inst_101-040-1_2024.pdf",https://www.oregon.gov/dor/forms/FormsPubs/form-or-40-inst_101-040-1_2024.pdf?utm_source=chatgpt.com,AKu,NA
2026,OR,married,federal_tax_liability_subtraction,taxable_income_subtraction,NA,250000,260000,6600,Max of the value from this bracket OR $8263,"Oregon Department of Revenue. Form OR‑40 Instructions and Schedules, 2024. Salem: State of Oregon, 2024. Accessed July 14, 2025. https://www.oregon.gov/dor/forms/FormsPubs/form-or-40-inst_101-040-1_2024.pdf",https://www.oregon.gov/dor/forms/FormsPubs/form-or-40-inst_101-040-1_2024.pdf?utm_source=chatgpt.com,AKu,NA
2026,OR,married,federal_tax_liability_subtraction,taxable_income_subtraction,NA,260000,270000,4950,Max of the value from this bracket OR $8264,"Oregon Department of Revenue. Form OR‑40 Instructions and Schedules, 2024. Salem: State of Oregon, 2024. Accessed July 14, 2025. https://www.oregon.gov/dor/forms/FormsPubs/form-or-40-inst_101-040-1_2024.pdf",https://www.oregon.gov/dor/forms/FormsPubs/form-or-40-inst_101-040-1_2024.pdf?utm_source=chatgpt.com,AKu,NA
2026,OR,married,federal_tax_liability_subtraction,taxable_income_subtraction,NA,270000,280000,3300,Max of the value from this bracket OR $8265,"Oregon Department of Revenue. Form OR‑40 Instructions and Schedules, 2024. Salem: State of Oregon, 2024. Accessed July 14, 2025. https://www.oregon.gov/dor/forms/FormsPubs/form-or-40-inst_101-040-1_2024.pdf",https://www.oregon.gov/dor/forms/FormsPubs/form-or-40-inst_101-040-1_2024.pdf?utm_source=chatgpt.com,AKu,NA
2026,OR,married,federal_tax_liability_subtraction,taxable_income_subtraction,NA,280000,290000,1650,Max of the value from this bracket OR $8266,"Oregon Department of Revenue. Form OR‑40 Instructions and Schedules, 2024. Salem: State of Oregon, 2024. Accessed July 14, 2025. https://www.oregon.gov/dor/forms/FormsPubs/form-or-40-inst_101-040-1_2024.pdf",https://www.oregon.gov/dor/forms/FormsPubs/form-or-40-inst_101-040-1_2024.pdf?utm_source=chatgpt.com,AKu,NA
2026,OR,married,federal_tax_liability_subtraction,taxable_income_subtraction,NA,290000,Inf,0,Max of the value from this bracket OR $8267,"Oregon Department of Revenue. Form OR‑40 Instructions and Schedules, 2024. Salem: State of Oregon, 2024. Accessed July 14, 2025. https://www.oregon.gov/dor/forms/FormsPubs/form-or-40-inst_101-040-1_2024.pdf",https://www.oregon.gov/dor/forms/FormsPubs/form-or-40-inst_101-040-1_2024.pdf?utm_source=chatgpt.com,AKu,NA
2026,AL,single_parent,dependent_exemption,taxable_income_subtraction,per_child,0,50000,1000,NA,"Alabama Department of Revenue. 2024 Form 40A Booklet: Short Form Resident Individual Income Tax Return and Instructions. Montgomery, AL: Alabama Department of Revenue, 2024. https://www.revenue.alabama.gov/wp-content/uploads/2025/01/24f40abk.pdf.",https://www.revenue.alabama.gov/wp-content/uploads/2025/01/24f40abk.pdf,LMa,07/24/2025
2026,AL,single_parent,dependent_exemption,taxable_income_subtraction,per_child,50001,100000,500,NA,"Alabama Department of Revenue. 2024 Form 40A Booklet: Short Form Resident Individual Income Tax Return and Instructions. Montgomery, AL: Alabama Department of Revenue, 2024. https://www.revenue.alabama.gov/wp-content/uploads/2025/01/24f40abk.pdf.",https://www.revenue.alabama.gov/wp-content/uploads/2025/01/24f40abk.pdf,LMa,07/24/2025
2026,AL,single_parent,dependent_exemption,taxable_income_subtraction,per_child,100001,Inf,300,NA,"Alabama Department of Revenue. 2024 Form 40A Booklet: Short Form Resident Individual Income Tax Return and Instructions. Montgomery, AL: Alabama Department of Revenue, 2024. https://www.revenue.alabama.gov/wp-content/uploads/2025/01/24f40abk.pdf.",https://www.revenue.alabama.gov/wp-content/uploads/2025/01/24f40abk.pdf,LMa,07/24/2025
2026,AL,married,dependent_exemption,taxable_income_subtraction,per_child,0,50000,1000,NA,"Alabama Department of Revenue. 2024 Form 40A Booklet: Short Form Resident Individual Income Tax Return and Instructions. Montgomery, AL: Alabama Department of Revenue, 2024. https://www.revenue.alabama.gov/wp-content/uploads/2025/01/24f40abk.pdf.",https://www.revenue.alabama.gov/wp-content/uploads/2025/01/24f40abk.pdf,LMa,07/24/2025
2026,AL,married,dependent_exemption,taxable_income_subtraction,per_child,50001,100000,500,NA,"Alabama Department of Revenue. 2024 Form 40A Booklet: Short Form Resident Individual Income Tax Return and Instructions. Montgomery, AL: Alabama Department of Revenue, 2024. https://www.revenue.alabama.gov/wp-content/uploads/2025/01/24f40abk.pdf.",https://www.revenue.alabama.gov/wp-content/uploads/2025/01/24f40abk.pdf,LMa,07/24/2025
2026,AL,married,dependent_exemption,taxable_income_subtraction,per_child,100001,Inf,300,NA,"Alabama Department of Revenue. 2024 Form 40A Booklet: Short Form Resident Individual Income Tax Return and Instructions. Montgomery, AL: Alabama Department of Revenue, 2024. https://www.revenue.alabama.gov/wp-content/uploads/2025/01/24f40abk.pdf.",https://www.revenue.alabama.gov/wp-content/uploads/2025/01/24f40abk.pdf,LMa,07/24/2025
